{
    "@frame_length": 14, 
    "@metadata": {
        "author": "PLEN Project Company Inc.", 
        "required-firmware": "1.4.1~", 
        "target": "PLEN2"
    }, 
    "codes": [], 
    "frames": [
        {
            "@index": 0, 
            "outputs": [
                {
                    "device": "left_shoulder_pitch", 
                    "value": 0
                }, 
                {
                    "device": "left_thigh_yaw", 
                    "value": 0
                }, 
                {
                    "device": "left_shoulder_roll", 
                    "value": 0
                }, 
                {
                    "device": "left_elbow_roll", 
                    "value": 0
                }, 
                {
                    "device": "left_thigh_roll", 
                    "value": 0
                }, 
                {
                    "device": "left_thigh_pitch", 
                    "value": 0
                }, 
                {
                    "device": "left_knee_pitch", 
                    "value": 0
                }, 
                {
                    "device": "left_foot_pitch", 
                    "value": 0
                }, 
                {
                    "device": "left_foot_roll", 
                    "value": 0
                }, 
                {
                    "device": "right_shoulder_pitch", 
                    "value": 0
                }, 
                {
                    "device": "right_thigh_yaw", 
                    "value": 0
                }, 
                {
                    "device": "right_shoulder_roll", 
                    "value": 0
                }, 
                {
                    "device": "right_elbow_roll", 
                    "value": 0
                }, 
                {
                    "device": "right_thigh_roll", 
                    "value": 0
                }, 
                {
                    "device": "right_thigh_pitch", 
                    "value": 0
                }, 
                {
                    "device": "right_knee_pitch", 
                    "value": 0
                }, 
                {
                    "device": "right_foot_pitch", 
                    "value": 0
                }, 
                {
                    "device": "right_foot_roll", 
                    "value": 0
                }
            ], 
            "transition_time_ms": 100
        }, 
        {
            "@index": 1, 
            "outputs": [
                {
                    "device": "left_shoulder_pitch", 
                    "value": -10
                }, 
                {
                    "device": "left_thigh_yaw", 
                    "value": 0
                }, 
                {
                    "device": "left_shoulder_roll", 
                    "value": -111
                }, 
                {
                    "device": "left_elbow_roll", 
                    "value": -119
                }, 
                {
                    "device": "left_thigh_roll", 
                    "value": 140
                }, 
                {
                    "device": "left_thigh_pitch", 
                    "value": 0
                }, 
                {
                    "device": "left_knee_pitch", 
                    "value": 0
                }, 
                {
                    "device": "left_foot_pitch", 
                    "value": 0
                }, 
                {
                    "device": "left_foot_roll", 
                    "value": 140
                }, 
                {
                    "device": "right_shoulder_pitch", 
                    "value": 0
                }, 
                {
                    "device": "right_thigh_yaw", 
                    "value": 0
                }, 
                {
                    "device": "right_shoulder_roll", 
                    "value": 111
                }, 
                {
                    "device": "right_elbow_roll", 
                    "value": 119
                }, 
                {
                    "device": "right_thigh_roll", 
                    "value": 140
                }, 
                {
                    "device": "right_thigh_pitch", 
                    "value": 0
                }, 
                {
                    "device": "right_knee_pitch", 
                    "value": 0
                }, 
                {
                    "device": "right_foot_pitch", 
                    "value": 0
                }, 
                {
                    "device": "right_foot_roll", 
                    "value": 140
                }
            ], 
            "transition_time_ms": 160
        }, 
        {
            "@index": 2, 
            "outputs": [
                {
                    "device": "left_shoulder_pitch", 
                    "value": 0
                }, 
                {
                    "device": "left_thigh_yaw", 
                    "value": 0
                }, 
                {
                    "device": "left_shoulder_roll", 
                    "value": -111
                }, 
                {
                    "device": "left_elbow_roll", 
                    "value": -119
                }, 
                {
                    "device": "left_thigh_roll", 
                    "value": 120
                }, 
                {
                    "device": "left_thigh_pitch", 
                    "value": 0
                }, 
                {
                    "device": "left_knee_pitch", 
                    "value": 0
                }, 
                {
                    "device": "left_foot_pitch", 
                    "value": 0
                }, 
                {
                    "device": "left_foot_roll", 
                    "value": 140
                }, 
                {
                    "device": "right_shoulder_pitch", 
                    "value": 0
                }, 
                {
                    "device": "right_thigh_yaw", 
                    "value": 0
                }, 
                {
                    "device": "right_shoulder_roll", 
                    "value": 111
                }, 
                {
                    "device": "right_elbow_roll", 
                    "value": 119
                }, 
                {
                    "device": "right_thigh_roll", 
                    "value": 150
                }, 
                {
                    "device": "right_thigh_pitch", 
                    "value": -268
                }, 
                {
                    "device": "right_knee_pitch", 
                    "value": 605
                }, 
                {
                    "device": "right_foot_pitch", 
                    "value": 294
                }, 
                {
                    "device": "right_foot_roll", 
                    "value": 140
                }
            ], 
            "transition_time_ms": 220
        }, 
        {
            "@index": 3, 
            "outputs": [
                {
                    "device": "left_shoulder_pitch", 
                    "value": 142
                }, 
                {
                    "device": "left_thigh_yaw", 
                    "value": 0
                }, 
                {
                    "device": "left_shoulder_roll", 
                    "value": -111
                }, 
                {
                    "device": "left_elbow_roll", 
                    "value": -119
                }, 
                {
                    "device": "left_thigh_roll", 
                    "value": 140
                }, 
                {
                    "device": "left_thigh_pitch", 
                    "value": 0
                }, 
                {
                    "device": "left_knee_pitch", 
                    "value": 0
                }, 
                {
                    "device": "left_foot_pitch", 
                    "value": 0
                }, 
                {
                    "device": "left_foot_roll", 
                    "value": 105
                }, 
                {
                    "device": "right_shoulder_pitch", 
                    "value": 185
                }, 
                {
                    "device": "right_thigh_yaw", 
                    "value": 0
                }, 
                {
                    "device": "right_shoulder_roll", 
                    "value": 111
                }, 
                {
                    "device": "right_elbow_roll", 
                    "value": 119
                }, 
                {
                    "device": "right_thigh_roll", 
                    "value": 140
                }, 
                {
                    "device": "right_thigh_pitch", 
                    "value": -385
                }, 
                {
                    "device": "right_knee_pitch", 
                    "value": 402
                }, 
                {
                    "device": "right_foot_pitch", 
                    "value": 27
                }, 
                {
                    "device": "right_foot_roll", 
                    "value": 102
                }
            ], 
            "transition_time_ms": 220
        }, 
        {
            "@index": 4, 
            "outputs": [
                {
                    "device": "left_shoulder_pitch", 
                    "value": 281
                }, 
                {
                    "device": "left_thigh_yaw", 
                    "value": 0
                }, 
                {
                    "device": "left_shoulder_roll", 
                    "value": -111
                }, 
                {
                    "device": "left_elbow_roll", 
                    "value": -119
                }, 
                {
                    "device": "left_thigh_roll", 
                    "value": -140
                }, 
                {
                    "device": "left_thigh_pitch", 
                    "value": 15
                }, 
                {
                    "device": "left_knee_pitch", 
                    "value": -165
                }, 
                {
                    "device": "left_foot_pitch", 
                    "value": -227
                }, 
                {
                    "device": "left_foot_roll", 
                    "value": -140
                }, 
                {
                    "device": "right_shoulder_pitch", 
                    "value": 147
                }, 
                {
                    "device": "right_thigh_yaw", 
                    "value": 0
                }, 
                {
                    "device": "right_shoulder_roll", 
                    "value": 111
                }, 
                {
                    "device": "right_elbow_roll", 
                    "value": 119
                }, 
                {
                    "device": "right_thigh_roll", 
                    "value": -140
                }, 
                {
                    "device": "right_thigh_pitch", 
                    "value": -255
                }, 
                {
                    "device": "right_knee_pitch", 
                    "value": 298
                }, 
                {
                    "device": "right_foot_pitch", 
                    "value": 96
                }, 
                {
                    "device": "right_foot_roll", 
                    "value": -140
                }
            ], 
            "transition_time_ms": 380
        }, 
        {
            "@index": 5, 
            "outputs": [
                {
                    "device": "left_shoulder_pitch", 
                    "value": 0
                }, 
                {
                    "device": "left_thigh_yaw", 
                    "value": 0
                }, 
                {
                    "device": "left_shoulder_roll", 
                    "value": -111
                }, 
                {
                    "device": "left_elbow_roll", 
                    "value": -119
                }, 
                {
                    "device": "left_thigh_roll", 
                    "value": -150
                }, 
                {
                    "device": "left_thigh_pitch", 
                    "value": 268
                }, 
                {
                    "device": "left_knee_pitch", 
                    "value": -605
                }, 
                {
                    "device": "left_foot_pitch", 
                    "value": -294
                }, 
                {
                    "device": "left_foot_roll", 
                    "value": -140
                }, 
                {
                    "device": "right_shoulder_pitch", 
                    "value": 0
                }, 
                {
                    "device": "right_thigh_yaw", 
                    "value": 0
                }, 
                {
                    "device": "right_shoulder_roll", 
                    "value": 111
                }, 
                {
                    "device": "right_elbow_roll", 
                    "value": 119
                }, 
                {
                    "device": "right_thigh_roll", 
                    "value": -120
                }, 
                {
                    "device": "right_thigh_pitch", 
                    "value": 0
                }, 
                {
                    "device": "right_knee_pitch", 
                    "value": 0
                }, 
                {
                    "device": "right_foot_pitch", 
                    "value": 0
                }, 
                {
                    "device": "right_foot_roll", 
                    "value": -140
                }
            ], 
            "transition_time_ms": 180
        }, 
        {
            "@index": 6, 
            "outputs": [
                {
                    "device": "left_shoulder_pitch", 
                    "value": -185
                }, 
                {
                    "device": "left_thigh_yaw", 
                    "value": 0
                }, 
                {
                    "device": "left_shoulder_roll", 
                    "value": -111
                }, 
                {
                    "device": "left_elbow_roll", 
                    "value": -119
                }, 
                {
                    "device": "left_thigh_roll", 
                    "value": -140
                }, 
                {
                    "device": "left_thigh_pitch", 
                    "value": 385
                }, 
                {
                    "device": "left_knee_pitch", 
                    "value": -402
                }, 
                {
                    "device": "left_foot_pitch", 
                    "value": -27
                }, 
                {
                    "device": "left_foot_roll", 
                    "value": -102
                }, 
                {
                    "device": "right_shoulder_pitch", 
                    "value": -142
                }, 
                {
                    "device": "right_thigh_yaw", 
                    "value": 0
                }, 
                {
                    "device": "right_shoulder_roll", 
                    "value": 111
                }, 
                {
                    "device": "right_elbow_roll", 
                    "value": 119
                }, 
                {
                    "device": "right_thigh_roll", 
                    "value": -140
                }, 
                {
                    "device": "right_thigh_pitch", 
                    "value": 0
                }, 
                {
                    "device": "right_knee_pitch", 
                    "value": 0
                }, 
                {
                    "device": "right_foot_pitch", 
                    "value": 0
                }, 
                {
                    "device": "right_foot_roll", 
                    "value": -105
                }
            ], 
            "transition_time_ms": 220
        }, 
        {
            "@index": 7, 
            "outputs": [
                {
                    "device": "left_shoulder_pitch", 
                    "value": -147
                }, 
                {
                    "device": "left_thigh_yaw", 
                    "value": 0
                }, 
                {
                    "device": "left_shoulder_roll", 
                    "value": -111
                }, 
                {
                    "device": "left_elbow_roll", 
                    "value": -119
                }, 
                {
                    "device": "left_thigh_roll", 
                    "value": 1
                }, 
                {
                    "device": "left_thigh_pitch", 
                    "value": 255
                }, 
                {
                    "device": "left_knee_pitch", 
                    "value": -298
                }, 
                {
                    "device": "left_foot_pitch", 
                    "value": -96
                }, 
                {
                    "device": "left_foot_roll", 
                    "value": 1
                }, 
                {
                    "device": "right_shoulder_pitch", 
                    "value": -281
                }, 
                {
                    "device": "right_thigh_yaw", 
                    "value": 0
                }, 
                {
                    "device": "right_shoulder_roll", 
                    "value": 111
                }, 
                {
                    "device": "right_elbow_roll", 
                    "value": 119
                }, 
                {
                    "device": "right_thigh_roll", 
                    "value": 1
                }, 
                {
                    "device": "right_thigh_pitch", 
                    "value": -15
                }, 
                {
                    "device": "right_knee_pitch", 
                    "value": 165
                }, 
                {
                    "device": "right_foot_pitch", 
                    "value": 227
                }, 
                {
                    "device": "right_foot_roll", 
                    "value": 1
                }
            ], 
            "transition_time_ms": 360
        }, 
        {
            "@index": 8, 
            "outputs": [
                {
                    "device": "left_shoulder_pitch", 
                    "value": -147
                }, 
                {
                    "device": "left_thigh_yaw", 
                    "value": 0
                }, 
                {
                    "device": "left_shoulder_roll", 
                    "value": -111
                }, 
                {
                    "device": "left_elbow_roll", 
                    "value": -119
                }, 
                {
                    "device": "left_thigh_roll", 
                    "value": 1
                }, 
                {
                    "device": "left_thigh_pitch", 
                    "value": 625
                }, 
                {
                    "device": "left_knee_pitch", 
                    "value": -819
                }, 
                {
                    "device": "left_foot_pitch", 
                    "value": -229
                }, 
                {
                    "device": "left_foot_roll", 
                    "value": 1
                }, 
                {
                    "device": "right_shoulder_pitch", 
                    "value": -281
                }, 
                {
                    "device": "right_thigh_yaw", 
                    "value": 0
                }, 
                {
                    "device": "right_shoulder_roll", 
                    "value": 111
                }, 
                {
                    "device": "right_elbow_roll", 
                    "value": 119
                }, 
                {
                    "device": "right_thigh_roll", 
                    "value": 1
                }, 
                {
                    "device": "right_thigh_pitch", 
                    "value": -290
                }, 
                {
                    "device": "right_knee_pitch", 
                    "value": 823
                }, 
                {
                    "device": "right_foot_pitch", 
                    "value": 547
                }, 
                {
                    "device": "right_foot_roll", 
                    "value": 1
                }
            ], 
            "transition_time_ms": 600
        }, 
        {
            "@index": 9, 
            "outputs": [
                {
                    "device": "left_shoulder_pitch", 
                    "value": 629
                }, 
                {
                    "device": "left_thigh_yaw", 
                    "value": 0
                }, 
                {
                    "device": "left_shoulder_roll", 
                    "value": -317
                }, 
                {
                    "device": "left_elbow_roll", 
                    "value": -25
                }, 
                {
                    "device": "left_thigh_roll", 
                    "value": 1
                }, 
                {
                    "device": "left_thigh_pitch", 
                    "value": 412
                }, 
                {
                    "device": "left_knee_pitch", 
                    "value": -819
                }, 
                {
                    "device": "left_foot_pitch", 
                    "value": -229
                }, 
                {
                    "device": "left_foot_roll", 
                    "value": 1
                }, 
                {
                    "device": "right_shoulder_pitch", 
                    "value": -629
                }, 
                {
                    "device": "right_thigh_yaw", 
                    "value": 0
                }, 
                {
                    "device": "right_shoulder_roll", 
                    "value": 314
                }, 
                {
                    "device": "right_elbow_roll", 
                    "value": 27
                }, 
                {
                    "device": "right_thigh_roll", 
                    "value": 1
                }, 
                {
                    "device": "right_thigh_pitch", 
                    "value": -94
                }, 
                {
                    "device": "right_knee_pitch", 
                    "value": 823
                }, 
                {
                    "device": "right_foot_pitch", 
                    "value": 547
                }, 
                {
                    "device": "right_foot_roll", 
                    "value": 1
                }
            ], 
            "transition_time_ms": 800
        }, 
        {
            "@index": 10, 
            "outputs": [
                {
                    "device": "left_shoulder_pitch", 
                    "value": 629
                }, 
                {
                    "device": "left_thigh_yaw", 
                    "value": 0
                }, 
                {
                    "device": "left_shoulder_roll", 
                    "value": -317
                }, 
                {
                    "device": "left_elbow_roll", 
                    "value": -25
                }, 
                {
                    "device": "left_thigh_roll", 
                    "value": 1
                }, 
                {
                    "device": "left_thigh_pitch", 
                    "value": 412
                }, 
                {
                    "device": "left_knee_pitch", 
                    "value": -819
                }, 
                {
                    "device": "left_foot_pitch", 
                    "value": -229
                }, 
                {
                    "device": "left_foot_roll", 
                    "value": 1
                }, 
                {
                    "device": "right_shoulder_pitch", 
                    "value": -629
                }, 
                {
                    "device": "right_thigh_yaw", 
                    "value": 0
                }, 
                {
                    "device": "right_shoulder_roll", 
                    "value": 314
                }, 
                {
                    "device": "right_elbow_roll", 
                    "value": 27
                }, 
                {
                    "device": "right_thigh_roll", 
                    "value": 1
                }, 
                {
                    "device": "right_thigh_pitch", 
                    "value": -94
                }, 
                {
                    "device": "right_knee_pitch", 
                    "value": 823
                }, 
                {
                    "device": "right_foot_pitch", 
                    "value": 547
                }, 
                {
                    "device": "right_foot_roll", 
                    "value": 1
                }
            ], 
            "transition_time_ms": 1400
        }, 
        {
            "@index": 11, 
            "outputs": [
                {
                    "device": "left_shoulder_pitch", 
                    "value": -147
                }, 
                {
                    "device": "left_thigh_yaw", 
                    "value": 0
                }, 
                {
                    "device": "left_shoulder_roll", 
                    "value": -111
                }, 
                {
                    "device": "left_elbow_roll", 
                    "value": -119
                }, 
                {
                    "device": "left_thigh_roll", 
                    "value": 140
                }, 
                {
                    "device": "left_thigh_pitch", 
                    "value": 255
                }, 
                {
                    "device": "left_knee_pitch", 
                    "value": -298
                }, 
                {
                    "device": "left_foot_pitch", 
                    "value": -96
                }, 
                {
                    "device": "left_foot_roll", 
                    "value": 140
                }, 
                {
                    "device": "right_shoulder_pitch", 
                    "value": -281
                }, 
                {
                    "device": "right_thigh_yaw", 
                    "value": 0
                }, 
                {
                    "device": "right_shoulder_roll", 
                    "value": 111
                }, 
                {
                    "device": "right_elbow_roll", 
                    "value": 119
                }, 
                {
                    "device": "right_thigh_roll", 
                    "value": 140
                }, 
                {
                    "device": "right_thigh_pitch", 
                    "value": -15
                }, 
                {
                    "device": "right_knee_pitch", 
                    "value": 165
                }, 
                {
                    "device": "right_foot_pitch", 
                    "value": 227
                }, 
                {
                    "device": "right_foot_roll", 
                    "value": 140
                }
            ], 
            "transition_time_ms": 800
        }, 
        {
            "@index": 12, 
            "outputs": [
                {
                    "device": "left_shoulder_pitch", 
                    "value": 0
                }, 
                {
                    "device": "left_thigh_yaw", 
                    "value": 0
                }, 
                {
                    "device": "left_shoulder_roll", 
                    "value": -111
                }, 
                {
                    "device": "left_elbow_roll", 
                    "value": -119
                }, 
                {
                    "device": "left_thigh_roll", 
                    "value": 120
                }, 
                {
                    "device": "left_thigh_pitch", 
                    "value": 0
                }, 
                {
                    "device": "left_knee_pitch", 
                    "value": 0
                }, 
                {
                    "device": "left_foot_pitch", 
                    "value": 0
                }, 
                {
                    "device": "left_foot_roll", 
                    "value": 140
                }, 
                {
                    "device": "right_shoulder_pitch", 
                    "value": 0
                }, 
                {
                    "device": "right_thigh_yaw", 
                    "value": 0
                }, 
                {
                    "device": "right_shoulder_roll", 
                    "value": 111
                }, 
                {
                    "device": "right_elbow_roll", 
                    "value": 119
                }, 
                {
                    "device": "right_thigh_roll", 
                    "value": 150
                }, 
                {
                    "device": "right_thigh_pitch", 
                    "value": -268
                }, 
                {
                    "device": "right_knee_pitch", 
                    "value": 605
                }, 
                {
                    "device": "right_foot_pitch", 
                    "value": 294
                }, 
                {
                    "device": "right_foot_roll", 
                    "value": 140
                }
            ], 
            "transition_time_ms": 200
        }, 
        {
            "@index": 13, 
            "outputs": [
                {
                    "device": "left_shoulder_pitch", 
                    "value": 0
                }, 
                {
                    "device": "left_thigh_yaw", 
                    "value": 0
                }, 
                {
                    "device": "left_shoulder_roll", 
                    "value": 0
                }, 
                {
                    "device": "left_elbow_roll", 
                    "value": 0
                }, 
                {
                    "device": "left_thigh_roll", 
                    "value": 0
                }, 
                {
                    "device": "left_thigh_pitch", 
                    "value": 0
                }, 
                {
                    "device": "left_knee_pitch", 
                    "value": 0
                }, 
                {
                    "device": "left_foot_pitch", 
                    "value": 0
                }, 
                {
                    "device": "left_foot_roll", 
                    "value": 0
                }, 
                {
                    "device": "right_shoulder_pitch", 
                    "value": 0
                }, 
                {
                    "device": "right_thigh_yaw", 
                    "value": 0
                }, 
                {
                    "device": "right_shoulder_roll", 
                    "value": 0
                }, 
                {
                    "device": "right_elbow_roll", 
                    "value": 0
                }, 
                {
                    "device": "right_thigh_roll", 
                    "value": 0
                }, 
                {
                    "device": "right_thigh_pitch", 
                    "value": 0
                }, 
                {
                    "device": "right_knee_pitch", 
                    "value": 0
                }, 
                {
                    "device": "right_foot_pitch", 
                    "value": 0
                }, 
                {
                    "device": "right_foot_roll", 
                    "value": 0
                }
            ], 
            "transition_time_ms": 580
        }
    ], 
    "name": "Propose", 
    "slot": 5
}