{
    "@frame_length": 6, 
    "@metadata": {
        "author": "PLEN Project Company Inc.", 
        "required-firmware": "1.4.1~", 
        "target": "PLEN2"
    }, 
    "codes": [], 
    "frames": [
        {
            "@index": 0, 
            "outputs": [
                {
                    "device": "left_shoulder_pitch", 
                    "value": 0
                }, 
                {
                    "device": "left_thigh_yaw", 
                    "value": 0
                }, 
                {
                    "device": "left_shoulder_roll", 
                    "value": 0
                }, 
                {
                    "device": "left_elbow_roll", 
                    "value": 0
                }, 
                {
                    "device": "left_thigh_roll", 
                    "value": 0
                }, 
                {
                    "device": "left_thigh_pitch", 
                    "value": 0
                }, 
                {
                    "device": "left_knee_pitch", 
                    "value": 0
                }, 
                {
                    "device": "left_foot_pitch", 
                    "value": 0
                }, 
                {
                    "device": "left_foot_roll", 
                    "value": 0
                }, 
                {
                    "device": "right_shoulder_pitch", 
                    "value": 0
                }, 
                {
                    "device": "right_thigh_yaw", 
                    "value": 0
                }, 
                {
                    "device": "right_shoulder_roll", 
                    "value": 0
                }, 
                {
                    "device": "right_elbow_roll", 
                    "value": 0
                }, 
                {
                    "device": "right_thigh_roll", 
                    "value": 0
                }, 
                {
                    "device": "right_thigh_pitch", 
                    "value": 0
                }, 
                {
                    "device": "right_knee_pitch", 
                    "value": 0
                }, 
                {
                    "device": "right_foot_pitch", 
                    "value": 0
                }, 
                {
                    "device": "right_foot_roll", 
                    "value": 0
                }
            ], 
            "transition_time_ms": 100
        }, 
        {
            "@index": 1, 
            "outputs": [
                {
                    "device": "left_shoulder_pitch", 
                    "value": -10
                }, 
                {
                    "device": "left_thigh_yaw", 
                    "value": 0
                }, 
                {
                    "device": "left_shoulder_roll", 
                    "value": 9
                }, 
                {
                    "device": "left_elbow_roll", 
                    "value": 21
                }, 
                {
                    "device": "left_thigh_roll", 
                    "value": 30
                }, 
                {
                    "device": "left_thigh_pitch", 
                    "value": 0
                }, 
                {
                    "device": "left_knee_pitch", 
                    "value": 0
                }, 
                {
                    "device": "left_foot_pitch", 
                    "value": 0
                }, 
                {
                    "device": "left_foot_roll", 
                    "value": 0
                }, 
                {
                    "device": "right_shoulder_pitch", 
                    "value": 0
                }, 
                {
                    "device": "right_thigh_yaw", 
                    "value": 0
                }, 
                {
                    "device": "right_shoulder_roll", 
                    "value": -9
                }, 
                {
                    "device": "right_elbow_roll", 
                    "value": -21
                }, 
                {
                    "device": "right_thigh_roll", 
                    "value": 20
                }, 
                {
                    "device": "right_thigh_pitch", 
                    "value": 0
                }, 
                {
                    "device": "right_knee_pitch", 
                    "value": 0
                }, 
                {
                    "device": "right_foot_pitch", 
                    "value": 0
                }, 
                {
                    "device": "right_foot_roll", 
                    "value": -10
                }
            ], 
            "transition_time_ms": 180
        }, 
        {
            "@index": 2, 
            "outputs": [
                {
                    "device": "left_shoulder_pitch", 
                    "value": 0
                }, 
                {
                    "device": "left_thigh_yaw", 
                    "value": 0
                }, 
                {
                    "device": "left_shoulder_roll", 
                    "value": -21
                }, 
                {
                    "device": "left_elbow_roll", 
                    "value": 31
                }, 
                {
                    "device": "left_thigh_roll", 
                    "value": 120
                }, 
                {
                    "device": "left_thigh_pitch", 
                    "value": -130
                }, 
                {
                    "device": "left_knee_pitch", 
                    "value": 0
                }, 
                {
                    "device": "left_foot_pitch", 
                    "value": -110
                }, 
                {
                    "device": "left_foot_roll", 
                    "value": 140
                }, 
                {
                    "device": "right_shoulder_pitch", 
                    "value": 0
                }, 
                {
                    "device": "right_thigh_yaw", 
                    "value": 0
                }, 
                {
                    "device": "right_shoulder_roll", 
                    "value": 21
                }, 
                {
                    "device": "right_elbow_roll", 
                    "value": -31
                }, 
                {
                    "device": "right_thigh_roll", 
                    "value": 150
                }, 
                {
                    "device": "right_thigh_pitch", 
                    "value": -268
                }, 
                {
                    "device": "right_knee_pitch", 
                    "value": 605
                }, 
                {
                    "device": "right_foot_pitch", 
                    "value": 294
                }, 
                {
                    "device": "right_foot_roll", 
                    "value": 140
                }
            ], 
            "transition_time_ms": 180
        }, 
        {
            "@index": 3, 
            "outputs": [
                {
                    "device": "left_shoulder_pitch", 
                    "value": 142
                }, 
                {
                    "device": "left_thigh_yaw", 
                    "value": 0
                }, 
                {
                    "device": "left_shoulder_roll", 
                    "value": -31
                }, 
                {
                    "device": "left_elbow_roll", 
                    "value": 19
                }, 
                {
                    "device": "left_thigh_roll", 
                    "value": 140
                }, 
                {
                    "device": "left_thigh_pitch", 
                    "value": -120
                }, 
                {
                    "device": "left_knee_pitch", 
                    "value": 0
                }, 
                {
                    "device": "left_foot_pitch", 
                    "value": -130
                }, 
                {
                    "device": "left_foot_roll", 
                    "value": 105
                }, 
                {
                    "device": "right_shoulder_pitch", 
                    "value": 185
                }, 
                {
                    "device": "right_thigh_yaw", 
                    "value": 0
                }, 
                {
                    "device": "right_shoulder_roll", 
                    "value": 51
                }, 
                {
                    "device": "right_elbow_roll", 
                    "value": -29
                }, 
                {
                    "device": "right_thigh_roll", 
                    "value": 140
                }, 
                {
                    "device": "right_thigh_pitch", 
                    "value": -535
                }, 
                {
                    "device": "right_knee_pitch", 
                    "value": 512
                }, 
                {
                    "device": "right_foot_pitch", 
                    "value": 27
                }, 
                {
                    "device": "right_foot_roll", 
                    "value": 102
                }
            ], 
            "transition_time_ms": 100
        }, 
        {
            "@index": 4, 
            "outputs": [
                {
                    "device": "left_shoulder_pitch", 
                    "value": 142
                }, 
                {
                    "device": "left_thigh_yaw", 
                    "value": 0
                }, 
                {
                    "device": "left_shoulder_roll", 
                    "value": -41
                }, 
                {
                    "device": "left_elbow_roll", 
                    "value": 29
                }, 
                {
                    "device": "left_thigh_roll", 
                    "value": -50
                }, 
                {
                    "device": "left_thigh_pitch", 
                    "value": -240
                }, 
                {
                    "device": "left_knee_pitch", 
                    "value": -90
                }, 
                {
                    "device": "left_foot_pitch", 
                    "value": -360
                }, 
                {
                    "device": "left_foot_roll", 
                    "value": -85
                }, 
                {
                    "device": "right_shoulder_pitch", 
                    "value": 185
                }, 
                {
                    "device": "right_thigh_yaw", 
                    "value": 0
                }, 
                {
                    "device": "right_shoulder_roll", 
                    "value": -9
                }, 
                {
                    "device": "right_elbow_roll", 
                    "value": -39
                }, 
                {
                    "device": "right_thigh_roll", 
                    "value": -50
                }, 
                {
                    "device": "right_thigh_pitch", 
                    "value": -325
                }, 
                {
                    "device": "right_knee_pitch", 
                    "value": 432
                }, 
                {
                    "device": "right_foot_pitch", 
                    "value": 177
                }, 
                {
                    "device": "right_foot_roll", 
                    "value": -58
                }
            ], 
            "transition_time_ms": 120
        }, 
        {
            "@index": 5, 
            "outputs": [
                {
                    "device": "left_shoulder_pitch", 
                    "value": 0
                }, 
                {
                    "device": "left_thigh_yaw", 
                    "value": 0
                }, 
                {
                    "device": "left_shoulder_roll", 
                    "value": 0
                }, 
                {
                    "device": "left_elbow_roll", 
                    "value": 0
                }, 
                {
                    "device": "left_thigh_roll", 
                    "value": 0
                }, 
                {
                    "device": "left_thigh_pitch", 
                    "value": 0
                }, 
                {
                    "device": "left_knee_pitch", 
                    "value": 0
                }, 
                {
                    "device": "left_foot_pitch", 
                    "value": 0
                }, 
                {
                    "device": "left_foot_roll", 
                    "value": 0
                }, 
                {
                    "device": "right_shoulder_pitch", 
                    "value": 0
                }, 
                {
                    "device": "right_thigh_yaw", 
                    "value": 0
                }, 
                {
                    "device": "right_shoulder_roll", 
                    "value": 0
                }, 
                {
                    "device": "right_elbow_roll", 
                    "value": 0
                }, 
                {
                    "device": "right_thigh_roll", 
                    "value": 0
                }, 
                {
                    "device": "right_thigh_pitch", 
                    "value": 0
                }, 
                {
                    "device": "right_knee_pitch", 
                    "value": 0
                }, 
                {
                    "device": "right_foot_pitch", 
                    "value": 0
                }, 
                {
                    "device": "right_foot_roll", 
                    "value": 0
                }
            ], 
            "transition_time_ms": 180
        }
    ], 
    "name": "Dribble", 
    "slot": 21
}