{
    "@frame_length": 8, 
    "@metadata": {
        "author": "PLEN Project Company Inc.", 
        "required-firmware": "1.4.1~", 
        "target": "PLEN2"
    }, 
    "codes": [], 
    "frames": [
        {
            "@index": 0, 
            "outputs": [
                {
                    "device": "left_shoulder_pitch", 
                    "value": 0
                }, 
                {
                    "device": "left_thigh_yaw", 
                    "value": 0
                }, 
                {
                    "device": "left_shoulder_roll", 
                    "value": 0
                }, 
                {
                    "device": "left_elbow_roll", 
                    "value": 0
                }, 
                {
                    "device": "left_thigh_roll", 
                    "value": 0
                }, 
                {
                    "device": "left_thigh_pitch", 
                    "value": 0
                }, 
                {
                    "device": "left_knee_pitch", 
                    "value": 0
                }, 
                {
                    "device": "left_foot_pitch", 
                    "value": 0
                }, 
                {
                    "device": "left_foot_roll", 
                    "value": 0
                }, 
                {
                    "device": "right_shoulder_pitch", 
                    "value": 0
                }, 
                {
                    "device": "right_thigh_yaw", 
                    "value": 0
                }, 
                {
                    "device": "right_shoulder_roll", 
                    "value": 0
                }, 
                {
                    "device": "right_elbow_roll", 
                    "value": 0
                }, 
                {
                    "device": "right_thigh_roll", 
                    "value": 0
                }, 
                {
                    "device": "right_thigh_pitch", 
                    "value": 0
                }, 
                {
                    "device": "right_knee_pitch", 
                    "value": 0
                }, 
                {
                    "device": "right_foot_pitch", 
                    "value": 0
                }, 
                {
                    "device": "right_foot_roll", 
                    "value": 0
                }
            ], 
            "transition_time_ms": 100
        }, 
        {
            "@index": 1, 
            "outputs": [
                {
                    "device": "left_shoulder_pitch", 
                    "value": 0
                }, 
                {
                    "device": "left_thigh_yaw", 
                    "value": 0
                }, 
                {
                    "device": "left_shoulder_roll", 
                    "value": 0
                }, 
                {
                    "device": "left_elbow_roll", 
                    "value": 0
                }, 
                {
                    "device": "left_thigh_roll", 
                    "value": 20
                }, 
                {
                    "device": "left_thigh_pitch", 
                    "value": 0
                }, 
                {
                    "device": "left_knee_pitch", 
                    "value": 0
                }, 
                {
                    "device": "left_foot_pitch", 
                    "value": 0
                }, 
                {
                    "device": "left_foot_roll", 
                    "value": 60
                }, 
                {
                    "device": "right_shoulder_pitch", 
                    "value": 0
                }, 
                {
                    "device": "right_thigh_yaw", 
                    "value": 0
                }, 
                {
                    "device": "right_shoulder_roll", 
                    "value": 0
                }, 
                {
                    "device": "right_elbow_roll", 
                    "value": 0
                }, 
                {
                    "device": "right_thigh_roll", 
                    "value": 20
                }, 
                {
                    "device": "right_thigh_pitch", 
                    "value": 0
                }, 
                {
                    "device": "right_knee_pitch", 
                    "value": 0
                }, 
                {
                    "device": "right_foot_pitch", 
                    "value": 0
                }, 
                {
                    "device": "right_foot_roll", 
                    "value": 60
                }
            ], 
            "transition_time_ms": 300
        }, 
        {
            "@index": 2, 
            "outputs": [
                {
                    "device": "left_shoulder_pitch", 
                    "value": 599
                }, 
                {
                    "device": "left_thigh_yaw", 
                    "value": 0
                }, 
                {
                    "device": "left_shoulder_roll", 
                    "value": -549
                }, 
                {
                    "device": "left_elbow_roll", 
                    "value": 0
                }, 
                {
                    "device": "left_thigh_roll", 
                    "value": 39
                }, 
                {
                    "device": "left_thigh_pitch", 
                    "value": 0
                }, 
                {
                    "device": "left_knee_pitch", 
                    "value": 0
                }, 
                {
                    "device": "left_foot_pitch", 
                    "value": 13
                }, 
                {
                    "device": "left_foot_roll", 
                    "value": 76
                }, 
                {
                    "device": "right_shoulder_pitch", 
                    "value": -596
                }, 
                {
                    "device": "right_thigh_yaw", 
                    "value": 0
                }, 
                {
                    "device": "right_shoulder_roll", 
                    "value": 550
                }, 
                {
                    "device": "right_elbow_roll", 
                    "value": 0
                }, 
                {
                    "device": "right_thigh_roll", 
                    "value": 35
                }, 
                {
                    "device": "right_thigh_pitch", 
                    "value": -181
                }, 
                {
                    "device": "right_knee_pitch", 
                    "value": 354
                }, 
                {
                    "device": "right_foot_pitch", 
                    "value": 157
                }, 
                {
                    "device": "right_foot_roll", 
                    "value": 37
                }
            ], 
            "transition_time_ms": 300
        }, 
        {
            "@index": 3, 
            "outputs": [
                {
                    "device": "left_shoulder_pitch", 
                    "value": 600
                }, 
                {
                    "device": "left_thigh_yaw", 
                    "value": 0
                }, 
                {
                    "device": "left_shoulder_roll", 
                    "value": -549
                }, 
                {
                    "device": "left_elbow_roll", 
                    "value": 0
                }, 
                {
                    "device": "left_thigh_roll", 
                    "value": 39
                }, 
                {
                    "device": "left_thigh_pitch", 
                    "value": 0
                }, 
                {
                    "device": "left_knee_pitch", 
                    "value": 0
                }, 
                {
                    "device": "left_foot_pitch", 
                    "value": 13
                }, 
                {
                    "device": "left_foot_roll", 
                    "value": 46
                }, 
                {
                    "device": "right_shoulder_pitch", 
                    "value": -599
                }, 
                {
                    "device": "right_thigh_yaw", 
                    "value": 0
                }, 
                {
                    "device": "right_shoulder_roll", 
                    "value": 550
                }, 
                {
                    "device": "right_elbow_roll", 
                    "value": 0
                }, 
                {
                    "device": "right_thigh_roll", 
                    "value": 165
                }, 
                {
                    "device": "right_thigh_pitch", 
                    "value": -111
                }, 
                {
                    "device": "right_knee_pitch", 
                    "value": 214
                }, 
                {
                    "device": "right_foot_pitch", 
                    "value": 87
                }, 
                {
                    "device": "right_foot_roll", 
                    "value": 127
                }
            ], 
            "transition_time_ms": 300
        }, 
        {
            "@index": 4, 
            "outputs": [
                {
                    "device": "left_shoulder_pitch", 
                    "value": 601
                }, 
                {
                    "device": "left_thigh_yaw", 
                    "value": 0
                }, 
                {
                    "device": "left_shoulder_roll", 
                    "value": -552
                }, 
                {
                    "device": "left_elbow_roll", 
                    "value": 0
                }, 
                {
                    "device": "left_thigh_roll", 
                    "value": 39
                }, 
                {
                    "device": "left_thigh_pitch", 
                    "value": 90
                }, 
                {
                    "device": "left_knee_pitch", 
                    "value": -127
                }, 
                {
                    "device": "left_foot_pitch", 
                    "value": -50
                }, 
                {
                    "device": "left_foot_roll", 
                    "value": -30
                }, 
                {
                    "device": "right_shoulder_pitch", 
                    "value": -601
                }, 
                {
                    "device": "right_thigh_yaw", 
                    "value": 0
                }, 
                {
                    "device": "right_shoulder_roll", 
                    "value": 550
                }, 
                {
                    "device": "right_elbow_roll", 
                    "value": 0
                }, 
                {
                    "device": "right_thigh_roll", 
                    "value": 159
                }, 
                {
                    "device": "right_thigh_pitch", 
                    "value": -178
                }, 
                {
                    "device": "right_knee_pitch", 
                    "value": 302
                }, 
                {
                    "device": "right_foot_pitch", 
                    "value": 155
                }, 
                {
                    "device": "right_foot_roll", 
                    "value": 97
                }
            ], 
            "transition_time_ms": 300
        }, 
        {
            "@index": 5, 
            "outputs": [
                {
                    "device": "left_shoulder_pitch", 
                    "value": 600
                }, 
                {
                    "device": "left_thigh_yaw", 
                    "value": 0
                }, 
                {
                    "device": "left_shoulder_roll", 
                    "value": -551
                }, 
                {
                    "device": "left_elbow_roll", 
                    "value": 0
                }, 
                {
                    "device": "left_thigh_roll", 
                    "value": -182
                }, 
                {
                    "device": "left_thigh_pitch", 
                    "value": 50
                }, 
                {
                    "device": "left_knee_pitch", 
                    "value": -16
                }, 
                {
                    "device": "left_foot_pitch", 
                    "value": 45
                }, 
                {
                    "device": "left_foot_roll", 
                    "value": -204
                }, 
                {
                    "device": "right_shoulder_pitch", 
                    "value": -600
                }, 
                {
                    "device": "right_thigh_yaw", 
                    "value": 0
                }, 
                {
                    "device": "right_shoulder_roll", 
                    "value": 548
                }, 
                {
                    "device": "right_elbow_roll", 
                    "value": 0
                }, 
                {
                    "device": "right_thigh_roll", 
                    "value": -65
                }, 
                {
                    "device": "right_thigh_pitch", 
                    "value": -86
                }, 
                {
                    "device": "right_knee_pitch", 
                    "value": 127
                }, 
                {
                    "device": "right_foot_pitch", 
                    "value": 50
                }, 
                {
                    "device": "right_foot_roll", 
                    "value": -80
                }
            ], 
            "transition_time_ms": 300
        }, 
        {
            "@index": 6, 
            "outputs": [
                {
                    "device": "left_shoulder_pitch", 
                    "value": 600
                }, 
                {
                    "device": "left_thigh_yaw", 
                    "value": 0
                }, 
                {
                    "device": "left_shoulder_roll", 
                    "value": -550
                }, 
                {
                    "device": "left_elbow_roll", 
                    "value": 0
                }, 
                {
                    "device": "left_thigh_roll", 
                    "value": -39
                }, 
                {
                    "device": "left_thigh_pitch", 
                    "value": 214
                }, 
                {
                    "device": "left_knee_pitch", 
                    "value": -408
                }, 
                {
                    "device": "left_foot_pitch", 
                    "value": -194
                }, 
                {
                    "device": "left_foot_roll", 
                    "value": -97
                }, 
                {
                    "device": "right_shoulder_pitch", 
                    "value": -600
                }, 
                {
                    "device": "right_thigh_yaw", 
                    "value": 0
                }, 
                {
                    "device": "right_shoulder_roll", 
                    "value": 549
                }, 
                {
                    "device": "right_elbow_roll", 
                    "value": 0
                }, 
                {
                    "device": "right_thigh_roll", 
                    "value": -39
                }, 
                {
                    "device": "right_thigh_pitch", 
                    "value": -86
                }, 
                {
                    "device": "right_knee_pitch", 
                    "value": 127
                }, 
                {
                    "device": "right_foot_pitch", 
                    "value": 50
                }, 
                {
                    "device": "right_foot_roll", 
                    "value": -57
                }
            ], 
            "transition_time_ms": 300
        }, 
        {
            "@index": 7, 
            "outputs": [
                {
                    "device": "left_shoulder_pitch", 
                    "value": 0
                }, 
                {
                    "device": "left_thigh_yaw", 
                    "value": 0
                }, 
                {
                    "device": "left_shoulder_roll", 
                    "value": 0
                }, 
                {
                    "device": "left_elbow_roll", 
                    "value": 0
                }, 
                {
                    "device": "left_thigh_roll", 
                    "value": 0
                }, 
                {
                    "device": "left_thigh_pitch", 
                    "value": 0
                }, 
                {
                    "device": "left_knee_pitch", 
                    "value": 0
                }, 
                {
                    "device": "left_foot_pitch", 
                    "value": 0
                }, 
                {
                    "device": "left_foot_roll", 
                    "value": 0
                }, 
                {
                    "device": "right_shoulder_pitch", 
                    "value": 0
                }, 
                {
                    "device": "right_thigh_yaw", 
                    "value": 0
                }, 
                {
                    "device": "right_shoulder_roll", 
                    "value": 0
                }, 
                {
                    "device": "right_elbow_roll", 
                    "value": 0
                }, 
                {
                    "device": "right_thigh_roll", 
                    "value": 0
                }, 
                {
                    "device": "right_thigh_pitch", 
                    "value": 0
                }, 
                {
                    "device": "right_knee_pitch", 
                    "value": 0
                }, 
                {
                    "device": "right_foot_pitch", 
                    "value": 0
                }, 
                {
                    "device": "right_foot_roll", 
                    "value": 0
                }
            ], 
            "transition_time_ms": 300
        }
    ], 
    "name": "Defense RStep", 
    "slot": 22
}