{
    "@frame_length": 11, 
    "@metadata": {
        "author": "PLEN Project Company Inc.", 
        "required-firmware": "1.4.1~", 
        "target": "PLEN2"
    }, 
    "codes": [], 
    "frames": [
        {
            "@index": 0, 
            "outputs": [
                {
                    "device": "right_shoulder_pitch", 
                    "value": 0
                }, 
                {
                    "device": "right_shoulder_roll", 
                    "value": 0
                }, 
                {
                    "device": "right_elbow_roll", 
                    "value": 0
                }, 
                {
                    "device": "right_thigh_yaw", 
                    "value": 0
                }, 
                {
                    "device": "right_thigh_roll", 
                    "value": 0
                }, 
                {
                    "device": "right_thigh_pitch", 
                    "value": 0
                }, 
                {
                    "device": "right_knee_pitch", 
                    "value": 0
                }, 
                {
                    "device": "right_foot_pitch", 
                    "value": 0
                }, 
                {
                    "device": "right_foot_roll", 
                    "value": 0
                }, 
                {
                    "device": "left_shoulder_pitch", 
                    "value": 0
                }, 
                {
                    "device": "left_shoulder_roll", 
                    "value": 0
                }, 
                {
                    "device": "left_elbow_roll", 
                    "value": 0
                }, 
                {
                    "device": "left_thigh_yaw", 
                    "value": 0
                }, 
                {
                    "device": "left_thigh_roll", 
                    "value": 0
                }, 
                {
                    "device": "left_thigh_pitch", 
                    "value": 0
                }, 
                {
                    "device": "left_knee_pitch", 
                    "value": 0
                }, 
                {
                    "device": "left_foot_pitch", 
                    "value": 0
                }, 
                {
                    "device": "left_foot_roll", 
                    "value": 0
                }
            ], 
            "transition_time_ms": 100
        }, 
        {
            "@index": 1, 
            "outputs": [
                {
                    "device": "right_shoulder_pitch", 
                    "value": -114
                }, 
                {
                    "device": "right_shoulder_roll", 
                    "value": 0
                }, 
                {
                    "device": "right_elbow_roll", 
                    "value": 0
                }, 
                {
                    "device": "right_thigh_yaw", 
                    "value": 0
                }, 
                {
                    "device": "right_thigh_roll", 
                    "value": 50
                }, 
                {
                    "device": "right_thigh_pitch", 
                    "value": 0
                }, 
                {
                    "device": "right_knee_pitch", 
                    "value": 0
                }, 
                {
                    "device": "right_foot_pitch", 
                    "value": 0
                }, 
                {
                    "device": "right_foot_roll", 
                    "value": -157
                }, 
                {
                    "device": "left_shoulder_pitch", 
                    "value": -83
                }, 
                {
                    "device": "left_shoulder_roll", 
                    "value": -110
                }, 
                {
                    "device": "left_elbow_roll", 
                    "value": 0
                }, 
                {
                    "device": "left_thigh_yaw", 
                    "value": 0
                }, 
                {
                    "device": "left_thigh_roll", 
                    "value": -64
                }, 
                {
                    "device": "left_thigh_pitch", 
                    "value": 0
                }, 
                {
                    "device": "left_knee_pitch", 
                    "value": 0
                }, 
                {
                    "device": "left_foot_pitch", 
                    "value": 0
                }, 
                {
                    "device": "left_foot_roll", 
                    "value": -159
                }
            ], 
            "transition_time_ms": 380
        }, 
        {
            "@index": 2, 
            "outputs": [
                {
                    "device": "right_shoulder_pitch", 
                    "value": 199
                }, 
                {
                    "device": "right_shoulder_roll", 
                    "value": 110
                }, 
                {
                    "device": "right_elbow_roll", 
                    "value": 142
                }, 
                {
                    "device": "right_thigh_yaw", 
                    "value": -58
                }, 
                {
                    "device": "right_thigh_roll", 
                    "value": 50
                }, 
                {
                    "device": "right_thigh_pitch", 
                    "value": 0
                }, 
                {
                    "device": "right_knee_pitch", 
                    "value": 0
                }, 
                {
                    "device": "right_foot_pitch", 
                    "value": 0
                }, 
                {
                    "device": "right_foot_roll", 
                    "value": -165
                }, 
                {
                    "device": "left_shoulder_pitch", 
                    "value": 282
                }, 
                {
                    "device": "left_shoulder_roll", 
                    "value": -110
                }, 
                {
                    "device": "left_elbow_roll", 
                    "value": 86
                }, 
                {
                    "device": "left_thigh_yaw", 
                    "value": 0
                }, 
                {
                    "device": "left_thigh_roll", 
                    "value": -134
                }, 
                {
                    "device": "left_thigh_pitch", 
                    "value": 268
                }, 
                {
                    "device": "left_knee_pitch", 
                    "value": -918
                }, 
                {
                    "device": "left_foot_pitch", 
                    "value": -266
                }, 
                {
                    "device": "left_foot_roll", 
                    "value": -129
                }
            ], 
            "transition_time_ms": 360
        }, 
        {
            "@index": 3, 
            "outputs": [
                {
                    "device": "right_shoulder_pitch", 
                    "value": 199
                }, 
                {
                    "device": "right_shoulder_roll", 
                    "value": 150
                }, 
                {
                    "device": "right_elbow_roll", 
                    "value": 142
                }, 
                {
                    "device": "right_thigh_yaw", 
                    "value": -189
                }, 
                {
                    "device": "right_thigh_roll", 
                    "value": 50
                }, 
                {
                    "device": "right_thigh_pitch", 
                    "value": 0
                }, 
                {
                    "device": "right_knee_pitch", 
                    "value": 0
                }, 
                {
                    "device": "right_foot_pitch", 
                    "value": 24
                }, 
                {
                    "device": "right_foot_roll", 
                    "value": -155
                }, 
                {
                    "device": "left_shoulder_pitch", 
                    "value": 282
                }, 
                {
                    "device": "left_shoulder_roll", 
                    "value": -110
                }, 
                {
                    "device": "left_elbow_roll", 
                    "value": 86
                }, 
                {
                    "device": "left_thigh_yaw", 
                    "value": 0
                }, 
                {
                    "device": "left_thigh_roll", 
                    "value": -134
                }, 
                {
                    "device": "left_thigh_pitch", 
                    "value": -380
                }, 
                {
                    "device": "left_knee_pitch", 
                    "value": -788
                }, 
                {
                    "device": "left_foot_pitch", 
                    "value": -266
                }, 
                {
                    "device": "left_foot_roll", 
                    "value": -129
                }
            ], 
            "transition_time_ms": 340
        }, 
        {
            "@index": 4, 
            "outputs": [
                {
                    "device": "right_shoulder_pitch", 
                    "value": 199
                }, 
                {
                    "device": "right_shoulder_roll", 
                    "value": 150
                }, 
                {
                    "device": "right_elbow_roll", 
                    "value": 142
                }, 
                {
                    "device": "right_thigh_yaw", 
                    "value": -189
                }, 
                {
                    "device": "right_thigh_roll", 
                    "value": 50
                }, 
                {
                    "device": "right_thigh_pitch", 
                    "value": 0
                }, 
                {
                    "device": "right_knee_pitch", 
                    "value": 0
                }, 
                {
                    "device": "right_foot_pitch", 
                    "value": 24
                }, 
                {
                    "device": "right_foot_roll", 
                    "value": -145
                }, 
                {
                    "device": "left_shoulder_pitch", 
                    "value": 282
                }, 
                {
                    "device": "left_shoulder_roll", 
                    "value": -110
                }, 
                {
                    "device": "left_elbow_roll", 
                    "value": 86
                }, 
                {
                    "device": "left_thigh_yaw", 
                    "value": 0
                }, 
                {
                    "device": "left_thigh_roll", 
                    "value": -134
                }, 
                {
                    "device": "left_thigh_pitch", 
                    "value": -380
                }, 
                {
                    "device": "left_knee_pitch", 
                    "value": -788
                }, 
                {
                    "device": "left_foot_pitch", 
                    "value": -266
                }, 
                {
                    "device": "left_foot_roll", 
                    "value": -129
                }
            ], 
            "transition_time_ms": 340
        }, 
        {
            "@index": 5, 
            "outputs": [
                {
                    "device": "right_shoulder_pitch", 
                    "value": -349
                }, 
                {
                    "device": "right_shoulder_roll", 
                    "value": 92
                }, 
                {
                    "device": "right_elbow_roll", 
                    "value": 55
                }, 
                {
                    "device": "right_thigh_yaw", 
                    "value": 0
                }, 
                {
                    "device": "right_thigh_roll", 
                    "value": 50
                }, 
                {
                    "device": "right_thigh_pitch", 
                    "value": -55
                }, 
                {
                    "device": "right_knee_pitch", 
                    "value": 423
                }, 
                {
                    "device": "right_foot_pitch", 
                    "value": 285
                }, 
                {
                    "device": "right_foot_roll", 
                    "value": -175
                }, 
                {
                    "device": "left_shoulder_pitch", 
                    "value": -474
                }, 
                {
                    "device": "left_shoulder_roll", 
                    "value": -110
                }, 
                {
                    "device": "left_elbow_roll", 
                    "value": -74
                }, 
                {
                    "device": "left_thigh_yaw", 
                    "value": 0
                }, 
                {
                    "device": "left_thigh_roll", 
                    "value": -134
                }, 
                {
                    "device": "left_thigh_pitch", 
                    "value": 346
                }, 
                {
                    "device": "left_knee_pitch", 
                    "value": -866
                }, 
                {
                    "device": "left_foot_pitch", 
                    "value": 21
                }, 
                {
                    "device": "left_foot_roll", 
                    "value": -129
                }
            ], 
            "transition_time_ms": 140
        }, 
        {
            "@index": 6, 
            "outputs": [
                {
                    "device": "right_shoulder_pitch", 
                    "value": -610
                }, 
                {
                    "device": "right_shoulder_roll", 
                    "value": 22
                }, 
                {
                    "device": "right_elbow_roll", 
                    "value": 52
                }, 
                {
                    "device": "right_thigh_yaw", 
                    "value": 124
                }, 
                {
                    "device": "right_thigh_roll", 
                    "value": 65
                }, 
                {
                    "device": "right_thigh_pitch", 
                    "value": 4
                }, 
                {
                    "device": "right_knee_pitch", 
                    "value": 423
                }, 
                {
                    "device": "right_foot_pitch", 
                    "value": 285
                }, 
                {
                    "device": "right_foot_roll", 
                    "value": -162
                }, 
                {
                    "device": "left_shoulder_pitch", 
                    "value": -422
                }, 
                {
                    "device": "left_shoulder_roll", 
                    "value": -190
                }, 
                {
                    "device": "left_elbow_roll", 
                    "value": -132
                }, 
                {
                    "device": "left_thigh_yaw", 
                    "value": 0
                }, 
                {
                    "device": "left_thigh_roll", 
                    "value": -128
                }, 
                {
                    "device": "left_thigh_pitch", 
                    "value": 711
                }, 
                {
                    "device": "left_knee_pitch", 
                    "value": -240
                }, 
                {
                    "device": "left_foot_pitch", 
                    "value": -214
                }, 
                {
                    "device": "left_foot_roll", 
                    "value": 10
                }
            ], 
            "transition_time_ms": 180
        }, 
        {
            "@index": 7, 
            "outputs": [
                {
                    "device": "right_shoulder_pitch", 
                    "value": -610
                }, 
                {
                    "device": "right_shoulder_roll", 
                    "value": 22
                }, 
                {
                    "device": "right_elbow_roll", 
                    "value": 52
                }, 
                {
                    "device": "right_thigh_yaw", 
                    "value": 124
                }, 
                {
                    "device": "right_thigh_roll", 
                    "value": 65
                }, 
                {
                    "device": "right_thigh_pitch", 
                    "value": 4
                }, 
                {
                    "device": "right_knee_pitch", 
                    "value": 423
                }, 
                {
                    "device": "right_foot_pitch", 
                    "value": 285
                }, 
                {
                    "device": "right_foot_roll", 
                    "value": -158
                }, 
                {
                    "device": "left_shoulder_pitch", 
                    "value": -422
                }, 
                {
                    "device": "left_shoulder_roll", 
                    "value": -190
                }, 
                {
                    "device": "left_elbow_roll", 
                    "value": -132
                }, 
                {
                    "device": "left_thigh_yaw", 
                    "value": 0
                }, 
                {
                    "device": "left_thigh_roll", 
                    "value": -128
                }, 
                {
                    "device": "left_thigh_pitch", 
                    "value": 711
                }, 
                {
                    "device": "left_knee_pitch", 
                    "value": -240
                }, 
                {
                    "device": "left_foot_pitch", 
                    "value": -214
                }, 
                {
                    "device": "left_foot_roll", 
                    "value": 10
                }
            ], 
            "transition_time_ms": 480
        }, 
        {
            "@index": 8, 
            "outputs": [
                {
                    "device": "right_shoulder_pitch", 
                    "value": -377
                }, 
                {
                    "device": "right_shoulder_roll", 
                    "value": 148
                }, 
                {
                    "device": "right_elbow_roll", 
                    "value": 237
                }, 
                {
                    "device": "right_thigh_yaw", 
                    "value": 124
                }, 
                {
                    "device": "right_thigh_roll", 
                    "value": 50
                }, 
                {
                    "device": "right_thigh_pitch", 
                    "value": -229
                }, 
                {
                    "device": "right_knee_pitch", 
                    "value": 579
                }, 
                {
                    "device": "right_foot_pitch", 
                    "value": 322
                }, 
                {
                    "device": "right_foot_roll", 
                    "value": -158
                }, 
                {
                    "device": "left_shoulder_pitch", 
                    "value": -422
                }, 
                {
                    "device": "left_shoulder_roll", 
                    "value": -190
                }, 
                {
                    "device": "left_elbow_roll", 
                    "value": -132
                }, 
                {
                    "device": "left_thigh_yaw", 
                    "value": 110
                }, 
                {
                    "device": "left_thigh_roll", 
                    "value": -83
                }, 
                {
                    "device": "left_thigh_pitch", 
                    "value": 466
                }, 
                {
                    "device": "left_knee_pitch", 
                    "value": -853
                }, 
                {
                    "device": "left_foot_pitch", 
                    "value": 252
                }, 
                {
                    "device": "left_foot_roll", 
                    "value": 10
                }
            ], 
            "transition_time_ms": 480
        }, 
        {
            "@index": 9, 
            "outputs": [
                {
                    "device": "right_shoulder_pitch", 
                    "value": 199
                }, 
                {
                    "device": "right_shoulder_roll", 
                    "value": 148
                }, 
                {
                    "device": "right_elbow_roll", 
                    "value": 142
                }, 
                {
                    "device": "right_thigh_yaw", 
                    "value": -58
                }, 
                {
                    "device": "right_thigh_roll", 
                    "value": 50
                }, 
                {
                    "device": "right_thigh_pitch", 
                    "value": -57
                }, 
                {
                    "device": "right_knee_pitch", 
                    "value": 0
                }, 
                {
                    "device": "right_foot_pitch", 
                    "value": 0
                }, 
                {
                    "device": "right_foot_roll", 
                    "value": -135
                }, 
                {
                    "device": "left_shoulder_pitch", 
                    "value": 282
                }, 
                {
                    "device": "left_shoulder_roll", 
                    "value": -42
                }, 
                {
                    "device": "left_elbow_roll", 
                    "value": 125
                }, 
                {
                    "device": "left_thigh_yaw", 
                    "value": 0
                }, 
                {
                    "device": "left_thigh_roll", 
                    "value": -51
                }, 
                {
                    "device": "left_thigh_pitch", 
                    "value": 268
                }, 
                {
                    "device": "left_knee_pitch", 
                    "value": -475
                }, 
                {
                    "device": "left_foot_pitch", 
                    "value": -110
                }, 
                {
                    "device": "left_foot_roll", 
                    "value": -129
                }
            ], 
            "transition_time_ms": 540
        }, 
        {
            "@index": 10, 
            "outputs": [
                {
                    "device": "right_shoulder_pitch", 
                    "value": 0
                }, 
                {
                    "device": "right_shoulder_roll", 
                    "value": 0
                }, 
                {
                    "device": "right_elbow_roll", 
                    "value": 0
                }, 
                {
                    "device": "right_thigh_yaw", 
                    "value": 0
                }, 
                {
                    "device": "right_thigh_roll", 
                    "value": 0
                }, 
                {
                    "device": "right_thigh_pitch", 
                    "value": 0
                }, 
                {
                    "device": "right_knee_pitch", 
                    "value": 0
                }, 
                {
                    "device": "right_foot_pitch", 
                    "value": 0
                }, 
                {
                    "device": "right_foot_roll", 
                    "value": 0
                }, 
                {
                    "device": "left_shoulder_pitch", 
                    "value": 0
                }, 
                {
                    "device": "left_shoulder_roll", 
                    "value": 0
                }, 
                {
                    "device": "left_elbow_roll", 
                    "value": 0
                }, 
                {
                    "device": "left_thigh_yaw", 
                    "value": 0
                }, 
                {
                    "device": "left_thigh_roll", 
                    "value": 0
                }, 
                {
                    "device": "left_thigh_pitch", 
                    "value": 0
                }, 
                {
                    "device": "left_knee_pitch", 
                    "value": 0
                }, 
                {
                    "device": "left_foot_pitch", 
                    "value": 0
                }, 
                {
                    "device": "left_foot_roll", 
                    "value": 0
                }
            ], 
            "transition_time_ms": 360
        }
    ], 
    "name": "LKick", 
    "slot": 23
}