{
    "@frame_length": 16, 
    "@metadata": {
        "author": "PLEN Project Company Inc.", 
        "required-firmware": "1.4.1~", 
        "target": "PLEN2"
    }, 
    "codes": [], 
    "frames": [
        {
            "@index": 0, 
            "outputs": [
                {
                    "device": "right_shoulder_pitch", 
                    "value": 0
                }, 
                {
                    "device": "right_shoulder_roll", 
                    "value": 0
                }, 
                {
                    "device": "right_elbow_roll", 
                    "value": 0
                }, 
                {
                    "device": "right_thigh_yaw", 
                    "value": 0
                }, 
                {
                    "device": "right_thigh_roll", 
                    "value": 0
                }, 
                {
                    "device": "right_thigh_pitch", 
                    "value": 0
                }, 
                {
                    "device": "right_knee_pitch", 
                    "value": 0
                }, 
                {
                    "device": "right_foot_pitch", 
                    "value": 0
                }, 
                {
                    "device": "right_foot_roll", 
                    "value": 0
                }, 
                {
                    "device": "left_shoulder_pitch", 
                    "value": 0
                }, 
                {
                    "device": "left_shoulder_roll", 
                    "value": 0
                }, 
                {
                    "device": "left_elbow_roll", 
                    "value": 0
                }, 
                {
                    "device": "left_thigh_yaw", 
                    "value": 0
                }, 
                {
                    "device": "left_thigh_roll", 
                    "value": 0
                }, 
                {
                    "device": "left_thigh_pitch", 
                    "value": 0
                }, 
                {
                    "device": "left_knee_pitch", 
                    "value": 0
                }, 
                {
                    "device": "left_foot_pitch", 
                    "value": 0
                }, 
                {
                    "device": "left_foot_roll", 
                    "value": 0
                }
            ], 
            "transition_time_ms": 100
        }, 
        {
            "@index": 1, 
            "outputs": [
                {
                    "device": "right_shoulder_pitch", 
                    "value": 0
                }, 
                {
                    "device": "right_shoulder_roll", 
                    "value": -9
                }, 
                {
                    "device": "right_elbow_roll", 
                    "value": -21
                }, 
                {
                    "device": "right_thigh_yaw", 
                    "value": 0
                }, 
                {
                    "device": "right_thigh_roll", 
                    "value": 20
                }, 
                {
                    "device": "right_thigh_pitch", 
                    "value": 0
                }, 
                {
                    "device": "right_knee_pitch", 
                    "value": 0
                }, 
                {
                    "device": "right_foot_pitch", 
                    "value": 0
                }, 
                {
                    "device": "right_foot_roll", 
                    "value": -10
                }, 
                {
                    "device": "left_shoulder_pitch", 
                    "value": -10
                }, 
                {
                    "device": "left_shoulder_roll", 
                    "value": 9
                }, 
                {
                    "device": "left_elbow_roll", 
                    "value": 21
                }, 
                {
                    "device": "left_thigh_yaw", 
                    "value": 0
                }, 
                {
                    "device": "left_thigh_roll", 
                    "value": 30
                }, 
                {
                    "device": "left_thigh_pitch", 
                    "value": 0
                }, 
                {
                    "device": "left_knee_pitch", 
                    "value": 0
                }, 
                {
                    "device": "left_foot_pitch", 
                    "value": 0
                }, 
                {
                    "device": "left_foot_roll", 
                    "value": 0
                }
            ], 
            "transition_time_ms": 200
        }, 
        {
            "@index": 2, 
            "outputs": [
                {
                    "device": "right_shoulder_pitch", 
                    "value": 0
                }, 
                {
                    "device": "right_shoulder_roll", 
                    "value": 21
                }, 
                {
                    "device": "right_elbow_roll", 
                    "value": -31
                }, 
                {
                    "device": "right_thigh_yaw", 
                    "value": 0
                }, 
                {
                    "device": "right_thigh_roll", 
                    "value": 150
                }, 
                {
                    "device": "right_thigh_pitch", 
                    "value": -268
                }, 
                {
                    "device": "right_knee_pitch", 
                    "value": 605
                }, 
                {
                    "device": "right_foot_pitch", 
                    "value": 294
                }, 
                {
                    "device": "right_foot_roll", 
                    "value": 140
                }, 
                {
                    "device": "left_shoulder_pitch", 
                    "value": 0
                }, 
                {
                    "device": "left_shoulder_roll", 
                    "value": -21
                }, 
                {
                    "device": "left_elbow_roll", 
                    "value": 31
                }, 
                {
                    "device": "left_thigh_yaw", 
                    "value": 0
                }, 
                {
                    "device": "left_thigh_roll", 
                    "value": 120
                }, 
                {
                    "device": "left_thigh_pitch", 
                    "value": -130
                }, 
                {
                    "device": "left_knee_pitch", 
                    "value": 0
                }, 
                {
                    "device": "left_foot_pitch", 
                    "value": -110
                }, 
                {
                    "device": "left_foot_roll", 
                    "value": 140
                }
            ], 
            "transition_time_ms": 200
        }, 
        {
            "@index": 3, 
            "outputs": [
                {
                    "device": "right_shoulder_pitch", 
                    "value": 185
                }, 
                {
                    "device": "right_shoulder_roll", 
                    "value": 51
                }, 
                {
                    "device": "right_elbow_roll", 
                    "value": -29
                }, 
                {
                    "device": "right_thigh_yaw", 
                    "value": 0
                }, 
                {
                    "device": "right_thigh_roll", 
                    "value": 140
                }, 
                {
                    "device": "right_thigh_pitch", 
                    "value": -535
                }, 
                {
                    "device": "right_knee_pitch", 
                    "value": 512
                }, 
                {
                    "device": "right_foot_pitch", 
                    "value": 27
                }, 
                {
                    "device": "right_foot_roll", 
                    "value": 102
                }, 
                {
                    "device": "left_shoulder_pitch", 
                    "value": 142
                }, 
                {
                    "device": "left_shoulder_roll", 
                    "value": -31
                }, 
                {
                    "device": "left_elbow_roll", 
                    "value": 19
                }, 
                {
                    "device": "left_thigh_yaw", 
                    "value": 0
                }, 
                {
                    "device": "left_thigh_roll", 
                    "value": 140
                }, 
                {
                    "device": "left_thigh_pitch", 
                    "value": -120
                }, 
                {
                    "device": "left_knee_pitch", 
                    "value": 0
                }, 
                {
                    "device": "left_foot_pitch", 
                    "value": -130
                }, 
                {
                    "device": "left_foot_roll", 
                    "value": 105
                }
            ], 
            "transition_time_ms": 110
        }, 
        {
            "@index": 4, 
            "outputs": [
                {
                    "device": "right_shoulder_pitch", 
                    "value": 185
                }, 
                {
                    "device": "right_shoulder_roll", 
                    "value": -9
                }, 
                {
                    "device": "right_elbow_roll", 
                    "value": -39
                }, 
                {
                    "device": "right_thigh_yaw", 
                    "value": 0
                }, 
                {
                    "device": "right_thigh_roll", 
                    "value": -50
                }, 
                {
                    "device": "right_thigh_pitch", 
                    "value": -325
                }, 
                {
                    "device": "right_knee_pitch", 
                    "value": 432
                }, 
                {
                    "device": "right_foot_pitch", 
                    "value": 177
                }, 
                {
                    "device": "right_foot_roll", 
                    "value": -58
                }, 
                {
                    "device": "left_shoulder_pitch", 
                    "value": 142
                }, 
                {
                    "device": "left_shoulder_roll", 
                    "value": -41
                }, 
                {
                    "device": "left_elbow_roll", 
                    "value": 29
                }, 
                {
                    "device": "left_thigh_yaw", 
                    "value": 0
                }, 
                {
                    "device": "left_thigh_roll", 
                    "value": -50
                }, 
                {
                    "device": "left_thigh_pitch", 
                    "value": -240
                }, 
                {
                    "device": "left_knee_pitch", 
                    "value": -90
                }, 
                {
                    "device": "left_foot_pitch", 
                    "value": -360
                }, 
                {
                    "device": "left_foot_roll", 
                    "value": -85
                }
            ], 
            "transition_time_ms": 130
        }, 
        {
            "@index": 5, 
            "outputs": [
                {
                    "device": "right_shoulder_pitch", 
                    "value": 0
                }, 
                {
                    "device": "right_shoulder_roll", 
                    "value": 21
                }, 
                {
                    "device": "right_elbow_roll", 
                    "value": 31
                }, 
                {
                    "device": "right_thigh_yaw", 
                    "value": 0
                }, 
                {
                    "device": "right_thigh_roll", 
                    "value": -120
                }, 
                {
                    "device": "right_thigh_pitch", 
                    "value": 130
                }, 
                {
                    "device": "right_knee_pitch", 
                    "value": 0
                }, 
                {
                    "device": "right_foot_pitch", 
                    "value": 110
                }, 
                {
                    "device": "right_foot_roll", 
                    "value": -140
                }, 
                {
                    "device": "left_shoulder_pitch", 
                    "value": 0
                }, 
                {
                    "device": "left_shoulder_roll", 
                    "value": -21
                }, 
                {
                    "device": "left_elbow_roll", 
                    "value": -31
                }, 
                {
                    "device": "left_thigh_yaw", 
                    "value": 0
                }, 
                {
                    "device": "left_thigh_roll", 
                    "value": -150
                }, 
                {
                    "device": "left_thigh_pitch", 
                    "value": 268
                }, 
                {
                    "device": "left_knee_pitch", 
                    "value": -605
                }, 
                {
                    "device": "left_foot_pitch", 
                    "value": -294
                }, 
                {
                    "device": "left_foot_roll", 
                    "value": -140
                }
            ], 
            "transition_time_ms": 180
        }, 
        {
            "@index": 6, 
            "outputs": [
                {
                    "device": "right_shoulder_pitch", 
                    "value": -142
                }, 
                {
                    "device": "right_shoulder_roll", 
                    "value": 31
                }, 
                {
                    "device": "right_elbow_roll", 
                    "value": 19
                }, 
                {
                    "device": "right_thigh_yaw", 
                    "value": 0
                }, 
                {
                    "device": "right_thigh_roll", 
                    "value": -140
                }, 
                {
                    "device": "right_thigh_pitch", 
                    "value": 120
                }, 
                {
                    "device": "right_knee_pitch", 
                    "value": 0
                }, 
                {
                    "device": "right_foot_pitch", 
                    "value": 130
                }, 
                {
                    "device": "right_foot_roll", 
                    "value": -105
                }, 
                {
                    "device": "left_shoulder_pitch", 
                    "value": -185
                }, 
                {
                    "device": "left_shoulder_roll", 
                    "value": -51
                }, 
                {
                    "device": "left_elbow_roll", 
                    "value": -29
                }, 
                {
                    "device": "left_thigh_yaw", 
                    "value": 0
                }, 
                {
                    "device": "left_thigh_roll", 
                    "value": -140
                }, 
                {
                    "device": "left_thigh_pitch", 
                    "value": 535
                }, 
                {
                    "device": "left_knee_pitch", 
                    "value": -512
                }, 
                {
                    "device": "left_foot_pitch", 
                    "value": -27
                }, 
                {
                    "device": "left_foot_roll", 
                    "value": -102
                }
            ], 
            "transition_time_ms": 100
        }, 
        {
            "@index": 7, 
            "outputs": [
                {
                    "device": "right_shoulder_pitch", 
                    "value": -142
                }, 
                {
                    "device": "right_shoulder_roll", 
                    "value": 41
                }, 
                {
                    "device": "right_elbow_roll", 
                    "value": 29
                }, 
                {
                    "device": "right_thigh_yaw", 
                    "value": 0
                }, 
                {
                    "device": "right_thigh_roll", 
                    "value": 50
                }, 
                {
                    "device": "right_thigh_pitch", 
                    "value": 240
                }, 
                {
                    "device": "right_knee_pitch", 
                    "value": 90
                }, 
                {
                    "device": "right_foot_pitch", 
                    "value": 360
                }, 
                {
                    "device": "right_foot_roll", 
                    "value": 85
                }, 
                {
                    "device": "left_shoulder_pitch", 
                    "value": -185
                }, 
                {
                    "device": "left_shoulder_roll", 
                    "value": 9
                }, 
                {
                    "device": "left_elbow_roll", 
                    "value": -39
                }, 
                {
                    "device": "left_thigh_yaw", 
                    "value": 0
                }, 
                {
                    "device": "left_thigh_roll", 
                    "value": 50
                }, 
                {
                    "device": "left_thigh_pitch", 
                    "value": 325
                }, 
                {
                    "device": "left_knee_pitch", 
                    "value": -432
                }, 
                {
                    "device": "left_foot_pitch", 
                    "value": -177
                }, 
                {
                    "device": "left_foot_roll", 
                    "value": 58
                }
            ], 
            "transition_time_ms": 120
        }, 
        {
            "@index": 8, 
            "outputs": [
                {
                    "device": "right_shoulder_pitch", 
                    "value": 0
                }, 
                {
                    "device": "right_shoulder_roll", 
                    "value": 21
                }, 
                {
                    "device": "right_elbow_roll", 
                    "value": -31
                }, 
                {
                    "device": "right_thigh_yaw", 
                    "value": 0
                }, 
                {
                    "device": "right_thigh_roll", 
                    "value": 150
                }, 
                {
                    "device": "right_thigh_pitch", 
                    "value": -268
                }, 
                {
                    "device": "right_knee_pitch", 
                    "value": 605
                }, 
                {
                    "device": "right_foot_pitch", 
                    "value": 294
                }, 
                {
                    "device": "right_foot_roll", 
                    "value": 140
                }, 
                {
                    "device": "left_shoulder_pitch", 
                    "value": 0
                }, 
                {
                    "device": "left_shoulder_roll", 
                    "value": -21
                }, 
                {
                    "device": "left_elbow_roll", 
                    "value": 31
                }, 
                {
                    "device": "left_thigh_yaw", 
                    "value": 0
                }, 
                {
                    "device": "left_thigh_roll", 
                    "value": 120
                }, 
                {
                    "device": "left_thigh_pitch", 
                    "value": -130
                }, 
                {
                    "device": "left_knee_pitch", 
                    "value": 0
                }, 
                {
                    "device": "left_foot_pitch", 
                    "value": -110
                }, 
                {
                    "device": "left_foot_roll", 
                    "value": 140
                }
            ], 
            "transition_time_ms": 210
        }, 
        {
            "@index": 9, 
            "outputs": [
                {
                    "device": "right_shoulder_pitch", 
                    "value": 185
                }, 
                {
                    "device": "right_shoulder_roll", 
                    "value": 51
                }, 
                {
                    "device": "right_elbow_roll", 
                    "value": -29
                }, 
                {
                    "device": "right_thigh_yaw", 
                    "value": 0
                }, 
                {
                    "device": "right_thigh_roll", 
                    "value": 140
                }, 
                {
                    "device": "right_thigh_pitch", 
                    "value": -535
                }, 
                {
                    "device": "right_knee_pitch", 
                    "value": 512
                }, 
                {
                    "device": "right_foot_pitch", 
                    "value": 27
                }, 
                {
                    "device": "right_foot_roll", 
                    "value": 102
                }, 
                {
                    "device": "left_shoulder_pitch", 
                    "value": 142
                }, 
                {
                    "device": "left_shoulder_roll", 
                    "value": -31
                }, 
                {
                    "device": "left_elbow_roll", 
                    "value": 19
                }, 
                {
                    "device": "left_thigh_yaw", 
                    "value": 0
                }, 
                {
                    "device": "left_thigh_roll", 
                    "value": 140
                }, 
                {
                    "device": "left_thigh_pitch", 
                    "value": -120
                }, 
                {
                    "device": "left_knee_pitch", 
                    "value": 0
                }, 
                {
                    "device": "left_foot_pitch", 
                    "value": -130
                }, 
                {
                    "device": "left_foot_roll", 
                    "value": 105
                }
            ], 
            "transition_time_ms": 130
        }, 
        {
            "@index": 10, 
            "outputs": [
                {
                    "device": "right_shoulder_pitch", 
                    "value": 185
                }, 
                {
                    "device": "right_shoulder_roll", 
                    "value": -9
                }, 
                {
                    "device": "right_elbow_roll", 
                    "value": -39
                }, 
                {
                    "device": "right_thigh_yaw", 
                    "value": 0
                }, 
                {
                    "device": "right_thigh_roll", 
                    "value": -50
                }, 
                {
                    "device": "right_thigh_pitch", 
                    "value": -325
                }, 
                {
                    "device": "right_knee_pitch", 
                    "value": 432
                }, 
                {
                    "device": "right_foot_pitch", 
                    "value": 177
                }, 
                {
                    "device": "right_foot_roll", 
                    "value": -58
                }, 
                {
                    "device": "left_shoulder_pitch", 
                    "value": 142
                }, 
                {
                    "device": "left_shoulder_roll", 
                    "value": -41
                }, 
                {
                    "device": "left_elbow_roll", 
                    "value": 29
                }, 
                {
                    "device": "left_thigh_yaw", 
                    "value": 0
                }, 
                {
                    "device": "left_thigh_roll", 
                    "value": -50
                }, 
                {
                    "device": "left_thigh_pitch", 
                    "value": -240
                }, 
                {
                    "device": "left_knee_pitch", 
                    "value": -90
                }, 
                {
                    "device": "left_foot_pitch", 
                    "value": -360
                }, 
                {
                    "device": "left_foot_roll", 
                    "value": -85
                }
            ], 
            "transition_time_ms": 150
        }, 
        {
            "@index": 11, 
            "outputs": [
                {
                    "device": "right_shoulder_pitch", 
                    "value": 0
                }, 
                {
                    "device": "right_shoulder_roll", 
                    "value": 21
                }, 
                {
                    "device": "right_elbow_roll", 
                    "value": 31
                }, 
                {
                    "device": "right_thigh_yaw", 
                    "value": 0
                }, 
                {
                    "device": "right_thigh_roll", 
                    "value": -120
                }, 
                {
                    "device": "right_thigh_pitch", 
                    "value": 130
                }, 
                {
                    "device": "right_knee_pitch", 
                    "value": 0
                }, 
                {
                    "device": "right_foot_pitch", 
                    "value": 110
                }, 
                {
                    "device": "right_foot_roll", 
                    "value": -140
                }, 
                {
                    "device": "left_shoulder_pitch", 
                    "value": 0
                }, 
                {
                    "device": "left_shoulder_roll", 
                    "value": -21
                }, 
                {
                    "device": "left_elbow_roll", 
                    "value": -31
                }, 
                {
                    "device": "left_thigh_yaw", 
                    "value": 0
                }, 
                {
                    "device": "left_thigh_roll", 
                    "value": -150
                }, 
                {
                    "device": "left_thigh_pitch", 
                    "value": 268
                }, 
                {
                    "device": "left_knee_pitch", 
                    "value": -605
                }, 
                {
                    "device": "left_foot_pitch", 
                    "value": -294
                }, 
                {
                    "device": "left_foot_roll", 
                    "value": -140
                }
            ], 
            "transition_time_ms": 240
        }, 
        {
            "@index": 12, 
            "outputs": [
                {
                    "device": "right_shoulder_pitch", 
                    "value": -142
                }, 
                {
                    "device": "right_shoulder_roll", 
                    "value": 31
                }, 
                {
                    "device": "right_elbow_roll", 
                    "value": 19
                }, 
                {
                    "device": "right_thigh_yaw", 
                    "value": 0
                }, 
                {
                    "device": "right_thigh_roll", 
                    "value": -140
                }, 
                {
                    "device": "right_thigh_pitch", 
                    "value": 120
                }, 
                {
                    "device": "right_knee_pitch", 
                    "value": 0
                }, 
                {
                    "device": "right_foot_pitch", 
                    "value": 130
                }, 
                {
                    "device": "right_foot_roll", 
                    "value": -105
                }, 
                {
                    "device": "left_shoulder_pitch", 
                    "value": -185
                }, 
                {
                    "device": "left_shoulder_roll", 
                    "value": -51
                }, 
                {
                    "device": "left_elbow_roll", 
                    "value": -29
                }, 
                {
                    "device": "left_thigh_yaw", 
                    "value": 0
                }, 
                {
                    "device": "left_thigh_roll", 
                    "value": -140
                }, 
                {
                    "device": "left_thigh_pitch", 
                    "value": 535
                }, 
                {
                    "device": "left_knee_pitch", 
                    "value": -512
                }, 
                {
                    "device": "left_foot_pitch", 
                    "value": -27
                }, 
                {
                    "device": "left_foot_roll", 
                    "value": -102
                }
            ], 
            "transition_time_ms": 160
        }, 
        {
            "@index": 13, 
            "outputs": [
                {
                    "device": "right_shoulder_pitch", 
                    "value": -142
                }, 
                {
                    "device": "right_shoulder_roll", 
                    "value": 41
                }, 
                {
                    "device": "right_elbow_roll", 
                    "value": 29
                }, 
                {
                    "device": "right_thigh_yaw", 
                    "value": 0
                }, 
                {
                    "device": "right_thigh_roll", 
                    "value": 50
                }, 
                {
                    "device": "right_thigh_pitch", 
                    "value": 240
                }, 
                {
                    "device": "right_knee_pitch", 
                    "value": 90
                }, 
                {
                    "device": "right_foot_pitch", 
                    "value": 360
                }, 
                {
                    "device": "right_foot_roll", 
                    "value": 85
                }, 
                {
                    "device": "left_shoulder_pitch", 
                    "value": -185
                }, 
                {
                    "device": "left_shoulder_roll", 
                    "value": 9
                }, 
                {
                    "device": "left_elbow_roll", 
                    "value": -39
                }, 
                {
                    "device": "left_thigh_yaw", 
                    "value": 0
                }, 
                {
                    "device": "left_thigh_roll", 
                    "value": 50
                }, 
                {
                    "device": "left_thigh_pitch", 
                    "value": 325
                }, 
                {
                    "device": "left_knee_pitch", 
                    "value": -432
                }, 
                {
                    "device": "left_foot_pitch", 
                    "value": -177
                }, 
                {
                    "device": "left_foot_roll", 
                    "value": 58
                }
            ], 
            "transition_time_ms": 180
        }, 
        {
            "@index": 14, 
            "outputs": [
                {
                    "device": "right_shoulder_pitch", 
                    "value": 0
                }, 
                {
                    "device": "right_shoulder_roll", 
                    "value": 1
                }, 
                {
                    "device": "right_elbow_roll", 
                    "value": -79
                }, 
                {
                    "device": "right_thigh_yaw", 
                    "value": 0
                }, 
                {
                    "device": "right_thigh_roll", 
                    "value": 80
                }, 
                {
                    "device": "right_thigh_pitch", 
                    "value": -108
                }, 
                {
                    "device": "right_knee_pitch", 
                    "value": 245
                }, 
                {
                    "device": "right_foot_pitch", 
                    "value": 84
                }, 
                {
                    "device": "right_foot_roll", 
                    "value": 80
                }, 
                {
                    "device": "left_shoulder_pitch", 
                    "value": 0
                }, 
                {
                    "device": "left_shoulder_roll", 
                    "value": -21
                }, 
                {
                    "device": "left_elbow_roll", 
                    "value": -31
                }, 
                {
                    "device": "left_thigh_yaw", 
                    "value": 0
                }, 
                {
                    "device": "left_thigh_roll", 
                    "value": 40
                }, 
                {
                    "device": "left_thigh_pitch", 
                    "value": 0
                }, 
                {
                    "device": "left_knee_pitch", 
                    "value": 0
                }, 
                {
                    "device": "left_foot_pitch", 
                    "value": 0
                }, 
                {
                    "device": "left_foot_roll", 
                    "value": 80
                }
            ], 
            "transition_time_ms": 180
        }, 
        {
            "@index": 15, 
            "outputs": [
                {
                    "device": "right_shoulder_pitch", 
                    "value": 0
                }, 
                {
                    "device": "right_shoulder_roll", 
                    "value": 0
                }, 
                {
                    "device": "right_elbow_roll", 
                    "value": 0
                }, 
                {
                    "device": "right_thigh_yaw", 
                    "value": 0
                }, 
                {
                    "device": "right_thigh_roll", 
                    "value": 0
                }, 
                {
                    "device": "right_thigh_pitch", 
                    "value": 0
                }, 
                {
                    "device": "right_knee_pitch", 
                    "value": 0
                }, 
                {
                    "device": "right_foot_pitch", 
                    "value": 0
                }, 
                {
                    "device": "right_foot_roll", 
                    "value": 0
                }, 
                {
                    "device": "left_shoulder_pitch", 
                    "value": 0
                }, 
                {
                    "device": "left_shoulder_roll", 
                    "value": 0
                }, 
                {
                    "device": "left_elbow_roll", 
                    "value": 0
                }, 
                {
                    "device": "left_thigh_yaw", 
                    "value": 0
                }, 
                {
                    "device": "left_thigh_roll", 
                    "value": 0
                }, 
                {
                    "device": "left_thigh_pitch", 
                    "value": 0
                }, 
                {
                    "device": "left_knee_pitch", 
                    "value": 0
                }, 
                {
                    "device": "left_foot_pitch", 
                    "value": 0
                }, 
                {
                    "device": "left_foot_roll", 
                    "value": 0
                }
            ], 
            "transition_time_ms": 240
        }
    ], 
    "name": "Long Dribble", 
    "slot": 24
}