{
    "@frame_length": 11, 
    "@metadata": {
        "author": "PLEN Project Company Inc.", 
        "required-firmware": "1.4.1~", 
        "target": "PLEN2"
    }, 
    "codes": [], 
    "frames": [
        {
            "@index": 0, 
            "outputs": [
                {
                    "device": "left_shoulder_pitch", 
                    "value": 0
                }, 
                {
                    "device": "left_thigh_yaw", 
                    "value": 0
                }, 
                {
                    "device": "left_shoulder_roll", 
                    "value": 0
                }, 
                {
                    "device": "left_elbow_roll", 
                    "value": 0
                }, 
                {
                    "device": "left_thigh_roll", 
                    "value": 0
                }, 
                {
                    "device": "left_thigh_pitch", 
                    "value": 0
                }, 
                {
                    "device": "left_knee_pitch", 
                    "value": 0
                }, 
                {
                    "device": "left_foot_pitch", 
                    "value": 0
                }, 
                {
                    "device": "left_foot_roll", 
                    "value": 0
                }, 
                {
                    "device": "right_shoulder_pitch", 
                    "value": 0
                }, 
                {
                    "device": "right_thigh_yaw", 
                    "value": 0
                }, 
                {
                    "device": "right_shoulder_roll", 
                    "value": 0
                }, 
                {
                    "device": "right_elbow_roll", 
                    "value": 0
                }, 
                {
                    "device": "right_thigh_roll", 
                    "value": 0
                }, 
                {
                    "device": "right_thigh_pitch", 
                    "value": 0
                }, 
                {
                    "device": "right_knee_pitch", 
                    "value": 0
                }, 
                {
                    "device": "right_foot_pitch", 
                    "value": 0
                }, 
                {
                    "device": "right_foot_roll", 
                    "value": 0
                }
            ], 
            "transition_time_ms": 100
        }, 
        {
            "@index": 1, 
            "outputs": [
                {
                    "device": "left_shoulder_pitch", 
                    "value": 114
                }, 
                {
                    "device": "left_thigh_yaw", 
                    "value": 0
                }, 
                {
                    "device": "left_shoulder_roll", 
                    "value": 0
                }, 
                {
                    "device": "left_elbow_roll", 
                    "value": 0
                }, 
                {
                    "device": "left_thigh_roll", 
                    "value": 0
                }, 
                {
                    "device": "left_thigh_pitch", 
                    "value": 0
                }, 
                {
                    "device": "left_knee_pitch", 
                    "value": 0
                }, 
                {
                    "device": "left_foot_pitch", 
                    "value": 0
                }, 
                {
                    "device": "left_foot_roll", 
                    "value": 157
                }, 
                {
                    "device": "right_shoulder_pitch", 
                    "value": 83
                }, 
                {
                    "device": "right_thigh_yaw", 
                    "value": 0
                }, 
                {
                    "device": "right_shoulder_roll", 
                    "value": 110
                }, 
                {
                    "device": "right_elbow_roll", 
                    "value": 0
                }, 
                {
                    "device": "right_thigh_roll", 
                    "value": 64
                }, 
                {
                    "device": "right_thigh_pitch", 
                    "value": 0
                }, 
                {
                    "device": "right_knee_pitch", 
                    "value": 0
                }, 
                {
                    "device": "right_foot_pitch", 
                    "value": 0
                }, 
                {
                    "device": "right_foot_roll", 
                    "value": 159
                }
            ], 
            "transition_time_ms": 380
        }, 
        {
            "@index": 2, 
            "outputs": [
                {
                    "device": "left_shoulder_pitch", 
                    "value": -199
                }, 
                {
                    "device": "left_thigh_yaw", 
                    "value": 58
                }, 
                {
                    "device": "left_shoulder_roll", 
                    "value": -110
                }, 
                {
                    "device": "left_elbow_roll", 
                    "value": -142
                }, 
                {
                    "device": "left_thigh_roll", 
                    "value": 0
                }, 
                {
                    "device": "left_thigh_pitch", 
                    "value": 0
                }, 
                {
                    "device": "left_knee_pitch", 
                    "value": 0
                }, 
                {
                    "device": "left_foot_pitch", 
                    "value": 0
                }, 
                {
                    "device": "left_foot_roll", 
                    "value": 165
                }, 
                {
                    "device": "right_shoulder_pitch", 
                    "value": -282
                }, 
                {
                    "device": "right_thigh_yaw", 
                    "value": 0
                }, 
                {
                    "device": "right_shoulder_roll", 
                    "value": 110
                }, 
                {
                    "device": "right_elbow_roll", 
                    "value": -86
                }, 
                {
                    "device": "right_thigh_roll", 
                    "value": 134
                }, 
                {
                    "device": "right_thigh_pitch", 
                    "value": -268
                }, 
                {
                    "device": "right_knee_pitch", 
                    "value": 918
                }, 
                {
                    "device": "right_foot_pitch", 
                    "value": 266
                }, 
                {
                    "device": "right_foot_roll", 
                    "value": 129
                }
            ], 
            "transition_time_ms": 360
        }, 
        {
            "@index": 3, 
            "outputs": [
                {
                    "device": "left_shoulder_pitch", 
                    "value": -199
                }, 
                {
                    "device": "left_thigh_yaw", 
                    "value": 189
                }, 
                {
                    "device": "left_shoulder_roll", 
                    "value": -150
                }, 
                {
                    "device": "left_elbow_roll", 
                    "value": -142
                }, 
                {
                    "device": "left_thigh_roll", 
                    "value": 0
                }, 
                {
                    "device": "left_thigh_pitch", 
                    "value": 0
                }, 
                {
                    "device": "left_knee_pitch", 
                    "value": 0
                }, 
                {
                    "device": "left_foot_pitch", 
                    "value": -24
                }, 
                {
                    "device": "left_foot_roll", 
                    "value": 155
                }, 
                {
                    "device": "right_shoulder_pitch", 
                    "value": -282
                }, 
                {
                    "device": "right_thigh_yaw", 
                    "value": 0
                }, 
                {
                    "device": "right_shoulder_roll", 
                    "value": 110
                }, 
                {
                    "device": "right_elbow_roll", 
                    "value": -86
                }, 
                {
                    "device": "right_thigh_roll", 
                    "value": 134
                }, 
                {
                    "device": "right_thigh_pitch", 
                    "value": 380
                }, 
                {
                    "device": "right_knee_pitch", 
                    "value": 788
                }, 
                {
                    "device": "right_foot_pitch", 
                    "value": 266
                }, 
                {
                    "device": "right_foot_roll", 
                    "value": 129
                }
            ], 
            "transition_time_ms": 340
        }, 
        {
            "@index": 4, 
            "outputs": [
                {
                    "device": "left_shoulder_pitch", 
                    "value": -199
                }, 
                {
                    "device": "left_thigh_yaw", 
                    "value": 189
                }, 
                {
                    "device": "left_shoulder_roll", 
                    "value": -150
                }, 
                {
                    "device": "left_elbow_roll", 
                    "value": -142
                }, 
                {
                    "device": "left_thigh_roll", 
                    "value": 0
                }, 
                {
                    "device": "left_thigh_pitch", 
                    "value": 0
                }, 
                {
                    "device": "left_knee_pitch", 
                    "value": 0
                }, 
                {
                    "device": "left_foot_pitch", 
                    "value": -24
                }, 
                {
                    "device": "left_foot_roll", 
                    "value": 145
                }, 
                {
                    "device": "right_shoulder_pitch", 
                    "value": -282
                }, 
                {
                    "device": "right_thigh_yaw", 
                    "value": 0
                }, 
                {
                    "device": "right_shoulder_roll", 
                    "value": 110
                }, 
                {
                    "device": "right_elbow_roll", 
                    "value": -86
                }, 
                {
                    "device": "right_thigh_roll", 
                    "value": 134
                }, 
                {
                    "device": "right_thigh_pitch", 
                    "value": 380
                }, 
                {
                    "device": "right_knee_pitch", 
                    "value": 788
                }, 
                {
                    "device": "right_foot_pitch", 
                    "value": 266
                }, 
                {
                    "device": "right_foot_roll", 
                    "value": 129
                }
            ], 
            "transition_time_ms": 340
        }, 
        {
            "@index": 5, 
            "outputs": [
                {
                    "device": "left_shoulder_pitch", 
                    "value": 349
                }, 
                {
                    "device": "left_thigh_yaw", 
                    "value": 0
                }, 
                {
                    "device": "left_shoulder_roll", 
                    "value": -92
                }, 
                {
                    "device": "left_elbow_roll", 
                    "value": -55
                }, 
                {
                    "device": "left_thigh_roll", 
                    "value": 0
                }, 
                {
                    "device": "left_thigh_pitch", 
                    "value": -4
                }, 
                {
                    "device": "left_knee_pitch", 
                    "value": -423
                }, 
                {
                    "device": "left_foot_pitch", 
                    "value": -285
                }, 
                {
                    "device": "left_foot_roll", 
                    "value": 175
                }, 
                {
                    "device": "right_shoulder_pitch", 
                    "value": 474
                }, 
                {
                    "device": "right_thigh_yaw", 
                    "value": 0
                }, 
                {
                    "device": "right_shoulder_roll", 
                    "value": 110
                }, 
                {
                    "device": "right_elbow_roll", 
                    "value": 74
                }, 
                {
                    "device": "right_thigh_roll", 
                    "value": 134
                }, 
                {
                    "device": "right_thigh_pitch", 
                    "value": -346
                }, 
                {
                    "device": "right_knee_pitch", 
                    "value": 866
                }, 
                {
                    "device": "right_foot_pitch", 
                    "value": -21
                }, 
                {
                    "device": "right_foot_roll", 
                    "value": 129
                }
            ], 
            "transition_time_ms": 140
        }, 
        {
            "@index": 6, 
            "outputs": [
                {
                    "device": "left_shoulder_pitch", 
                    "value": 610
                }, 
                {
                    "device": "left_thigh_yaw", 
                    "value": -124
                }, 
                {
                    "device": "left_shoulder_roll", 
                    "value": -22
                }, 
                {
                    "device": "left_elbow_roll", 
                    "value": -52
                }, 
                {
                    "device": "left_thigh_roll", 
                    "value": 0
                }, 
                {
                    "device": "left_thigh_pitch", 
                    "value": 0
                }, 
                {
                    "device": "left_knee_pitch", 
                    "value": -579
                }, 
                {
                    "device": "left_foot_pitch", 
                    "value": -322
                }, 
                {
                    "device": "left_foot_roll", 
                    "value": 162
                }, 
                {
                    "device": "right_shoulder_pitch", 
                    "value": 422
                }, 
                {
                    "device": "right_thigh_yaw", 
                    "value": 0
                }, 
                {
                    "device": "right_shoulder_roll", 
                    "value": 190
                }, 
                {
                    "device": "right_elbow_roll", 
                    "value": 132
                }, 
                {
                    "device": "right_thigh_roll", 
                    "value": 128
                }, 
                {
                    "device": "right_thigh_pitch", 
                    "value": -711
                }, 
                {
                    "device": "right_knee_pitch", 
                    "value": 240
                }, 
                {
                    "device": "right_foot_pitch", 
                    "value": 214
                }, 
                {
                    "device": "right_foot_roll", 
                    "value": -10
                }
            ], 
            "transition_time_ms": 180
        }, 
        {
            "@index": 7, 
            "outputs": [
                {
                    "device": "left_shoulder_pitch", 
                    "value": 610
                }, 
                {
                    "device": "left_thigh_yaw", 
                    "value": -124
                }, 
                {
                    "device": "left_shoulder_roll", 
                    "value": -22
                }, 
                {
                    "device": "left_elbow_roll", 
                    "value": -52
                }, 
                {
                    "device": "left_thigh_roll", 
                    "value": 0
                }, 
                {
                    "device": "left_thigh_pitch", 
                    "value": 0
                }, 
                {
                    "device": "left_knee_pitch", 
                    "value": -579
                }, 
                {
                    "device": "left_foot_pitch", 
                    "value": -322
                }, 
                {
                    "device": "left_foot_roll", 
                    "value": 158
                }, 
                {
                    "device": "right_shoulder_pitch", 
                    "value": 422
                }, 
                {
                    "device": "right_thigh_yaw", 
                    "value": 0
                }, 
                {
                    "device": "right_shoulder_roll", 
                    "value": 190
                }, 
                {
                    "device": "right_elbow_roll", 
                    "value": 132
                }, 
                {
                    "device": "right_thigh_roll", 
                    "value": 128
                }, 
                {
                    "device": "right_thigh_pitch", 
                    "value": -711
                }, 
                {
                    "device": "right_knee_pitch", 
                    "value": 240
                }, 
                {
                    "device": "right_foot_pitch", 
                    "value": 214
                }, 
                {
                    "device": "right_foot_roll", 
                    "value": -10
                }
            ], 
            "transition_time_ms": 480
        }, 
        {
            "@index": 8, 
            "outputs": [
                {
                    "device": "left_shoulder_pitch", 
                    "value": 377
                }, 
                {
                    "device": "left_thigh_yaw", 
                    "value": -124
                }, 
                {
                    "device": "left_shoulder_roll", 
                    "value": -148
                }, 
                {
                    "device": "left_elbow_roll", 
                    "value": -237
                }, 
                {
                    "device": "left_thigh_roll", 
                    "value": 0
                }, 
                {
                    "device": "left_thigh_pitch", 
                    "value": 229
                }, 
                {
                    "device": "left_knee_pitch", 
                    "value": -579
                }, 
                {
                    "device": "left_foot_pitch", 
                    "value": -322
                }, 
                {
                    "device": "left_foot_roll", 
                    "value": 158
                }, 
                {
                    "device": "right_shoulder_pitch", 
                    "value": 422
                }, 
                {
                    "device": "right_thigh_yaw", 
                    "value": -110
                }, 
                {
                    "device": "right_shoulder_roll", 
                    "value": 190
                }, 
                {
                    "device": "right_elbow_roll", 
                    "value": 132
                }, 
                {
                    "device": "right_thigh_roll", 
                    "value": 83
                }, 
                {
                    "device": "right_thigh_pitch", 
                    "value": -466
                }, 
                {
                    "device": "right_knee_pitch", 
                    "value": 853
                }, 
                {
                    "device": "right_foot_pitch", 
                    "value": -252
                }, 
                {
                    "device": "right_foot_roll", 
                    "value": -10
                }
            ], 
            "transition_time_ms": 480
        }, 
        {
            "@index": 9, 
            "outputs": [
                {
                    "device": "left_shoulder_pitch", 
                    "value": -199
                }, 
                {
                    "device": "left_thigh_yaw", 
                    "value": 58
                }, 
                {
                    "device": "left_shoulder_roll", 
                    "value": -148
                }, 
                {
                    "device": "left_elbow_roll", 
                    "value": -142
                }, 
                {
                    "device": "left_thigh_roll", 
                    "value": 0
                }, 
                {
                    "device": "left_thigh_pitch", 
                    "value": 57
                }, 
                {
                    "device": "left_knee_pitch", 
                    "value": 0
                }, 
                {
                    "device": "left_foot_pitch", 
                    "value": 0
                }, 
                {
                    "device": "left_foot_roll", 
                    "value": 135
                }, 
                {
                    "device": "right_shoulder_pitch", 
                    "value": -282
                }, 
                {
                    "device": "right_thigh_yaw", 
                    "value": 0
                }, 
                {
                    "device": "right_shoulder_roll", 
                    "value": 42
                }, 
                {
                    "device": "right_elbow_roll", 
                    "value": -125
                }, 
                {
                    "device": "right_thigh_roll", 
                    "value": 51
                }, 
                {
                    "device": "right_thigh_pitch", 
                    "value": -268
                }, 
                {
                    "device": "right_knee_pitch", 
                    "value": 475
                }, 
                {
                    "device": "right_foot_pitch", 
                    "value": 110
                }, 
                {
                    "device": "right_foot_roll", 
                    "value": 129
                }
            ], 
            "transition_time_ms": 540
        }, 
        {
            "@index": 10, 
            "outputs": [
                {
                    "device": "left_shoulder_pitch", 
                    "value": 0
                }, 
                {
                    "device": "left_thigh_yaw", 
                    "value": 0
                }, 
                {
                    "device": "left_shoulder_roll", 
                    "value": 0
                }, 
                {
                    "device": "left_elbow_roll", 
                    "value": 0
                }, 
                {
                    "device": "left_thigh_roll", 
                    "value": 0
                }, 
                {
                    "device": "left_thigh_pitch", 
                    "value": 0
                }, 
                {
                    "device": "left_knee_pitch", 
                    "value": 0
                }, 
                {
                    "device": "left_foot_pitch", 
                    "value": 0
                }, 
                {
                    "device": "left_foot_roll", 
                    "value": 0
                }, 
                {
                    "device": "right_shoulder_pitch", 
                    "value": 0
                }, 
                {
                    "device": "right_thigh_yaw", 
                    "value": 0
                }, 
                {
                    "device": "right_shoulder_roll", 
                    "value": 0
                }, 
                {
                    "device": "right_elbow_roll", 
                    "value": 0
                }, 
                {
                    "device": "right_thigh_roll", 
                    "value": 0
                }, 
                {
                    "device": "right_thigh_pitch", 
                    "value": 0
                }, 
                {
                    "device": "right_knee_pitch", 
                    "value": 0
                }, 
                {
                    "device": "right_foot_pitch", 
                    "value": 0
                }, 
                {
                    "device": "right_foot_roll", 
                    "value": 0
                }
            ], 
            "transition_time_ms": 360
        }
    ], 
    "name": "RKick", 
    "slot": 25
}