{
    "@frame_length": 10, 
    "@metadata": {
        "author": "PLEN Project Company Inc.", 
        "required-firmware": "1.4.1~", 
        "target": "PLEN2"
    }, 
    "codes": [], 
    "frames": [
        {
            "@index": 0, 
            "outputs": [
                {
                    "device": "left_shoulder_pitch", 
                    "value": 0
                }, 
                {
                    "device": "left_thigh_yaw", 
                    "value": 0
                }, 
                {
                    "device": "left_shoulder_roll", 
                    "value": 0
                }, 
                {
                    "device": "left_elbow_roll", 
                    "value": 0
                }, 
                {
                    "device": "left_thigh_roll", 
                    "value": 0
                }, 
                {
                    "device": "left_thigh_pitch", 
                    "value": 0
                }, 
                {
                    "device": "left_knee_pitch", 
                    "value": 0
                }, 
                {
                    "device": "left_foot_pitch", 
                    "value": 0
                }, 
                {
                    "device": "left_foot_roll", 
                    "value": 0
                }, 
                {
                    "device": "right_shoulder_pitch", 
                    "value": 0
                }, 
                {
                    "device": "right_thigh_yaw", 
                    "value": 0
                }, 
                {
                    "device": "right_shoulder_roll", 
                    "value": 0
                }, 
                {
                    "device": "right_elbow_roll", 
                    "value": 0
                }, 
                {
                    "device": "right_thigh_roll", 
                    "value": 0
                }, 
                {
                    "device": "right_thigh_pitch", 
                    "value": 0
                }, 
                {
                    "device": "right_knee_pitch", 
                    "value": 0
                }, 
                {
                    "device": "right_foot_pitch", 
                    "value": 0
                }, 
                {
                    "device": "right_foot_roll", 
                    "value": 0
                }
            ], 
            "transition_time_ms": 100
        }, 
        {
            "@index": 1, 
            "outputs": [
                {
                    "device": "left_shoulder_pitch", 
                    "value": 0
                }, 
                {
                    "device": "left_thigh_yaw", 
                    "value": 0
                }, 
                {
                    "device": "left_shoulder_roll", 
                    "value": 0
                }, 
                {
                    "device": "left_elbow_roll", 
                    "value": 0
                }, 
                {
                    "device": "left_thigh_roll", 
                    "value": 90
                }, 
                {
                    "device": "left_thigh_pitch", 
                    "value": 0
                }, 
                {
                    "device": "left_knee_pitch", 
                    "value": 0
                }, 
                {
                    "device": "left_foot_pitch", 
                    "value": 0
                }, 
                {
                    "device": "left_foot_roll", 
                    "value": 100
                }, 
                {
                    "device": "right_shoulder_pitch", 
                    "value": 0
                }, 
                {
                    "device": "right_thigh_yaw", 
                    "value": 0
                }, 
                {
                    "device": "right_shoulder_roll", 
                    "value": 0
                }, 
                {
                    "device": "right_elbow_roll", 
                    "value": 0
                }, 
                {
                    "device": "right_thigh_roll", 
                    "value": 80
                }, 
                {
                    "device": "right_thigh_pitch", 
                    "value": 0
                }, 
                {
                    "device": "right_knee_pitch", 
                    "value": 0
                }, 
                {
                    "device": "right_foot_pitch", 
                    "value": 0
                }, 
                {
                    "device": "right_foot_roll", 
                    "value": 90
                }
            ], 
            "transition_time_ms": 200
        }, 
        {
            "@index": 2, 
            "outputs": [
                {
                    "device": "left_shoulder_pitch", 
                    "value": 152
                }, 
                {
                    "device": "left_thigh_yaw", 
                    "value": 0
                }, 
                {
                    "device": "left_shoulder_roll", 
                    "value": -30
                }, 
                {
                    "device": "left_elbow_roll", 
                    "value": 0
                }, 
                {
                    "device": "left_thigh_roll", 
                    "value": 130
                }, 
                {
                    "device": "left_thigh_pitch", 
                    "value": 0
                }, 
                {
                    "device": "left_knee_pitch", 
                    "value": 0
                }, 
                {
                    "device": "left_foot_pitch", 
                    "value": 0
                }, 
                {
                    "device": "left_foot_roll", 
                    "value": 190
                }, 
                {
                    "device": "right_shoulder_pitch", 
                    "value": 138
                }, 
                {
                    "device": "right_thigh_yaw", 
                    "value": 0
                }, 
                {
                    "device": "right_shoulder_roll", 
                    "value": 70
                }, 
                {
                    "device": "right_elbow_roll", 
                    "value": 0
                }, 
                {
                    "device": "right_thigh_roll", 
                    "value": 259
                }, 
                {
                    "device": "right_thigh_pitch", 
                    "value": -440
                }, 
                {
                    "device": "right_knee_pitch", 
                    "value": 810
                }, 
                {
                    "device": "right_foot_pitch", 
                    "value": 335
                }, 
                {
                    "device": "right_foot_roll", 
                    "value": 80
                }
            ], 
            "transition_time_ms": 200
        }, 
        {
            "@index": 3, 
            "outputs": [
                {
                    "device": "left_shoulder_pitch", 
                    "value": 152
                }, 
                {
                    "device": "left_thigh_yaw", 
                    "value": 0
                }, 
                {
                    "device": "left_shoulder_roll", 
                    "value": -30
                }, 
                {
                    "device": "left_elbow_roll", 
                    "value": 0
                }, 
                {
                    "device": "left_thigh_roll", 
                    "value": 0
                }, 
                {
                    "device": "left_thigh_pitch", 
                    "value": 90
                }, 
                {
                    "device": "left_knee_pitch", 
                    "value": -320
                }, 
                {
                    "device": "left_foot_pitch", 
                    "value": -200
                }, 
                {
                    "device": "left_foot_roll", 
                    "value": 170
                }, 
                {
                    "device": "right_shoulder_pitch", 
                    "value": 138
                }, 
                {
                    "device": "right_thigh_yaw", 
                    "value": -337
                }, 
                {
                    "device": "right_shoulder_roll", 
                    "value": 70
                }, 
                {
                    "device": "right_elbow_roll", 
                    "value": 0
                }, 
                {
                    "device": "right_thigh_roll", 
                    "value": 259
                }, 
                {
                    "device": "right_thigh_pitch", 
                    "value": -531
                }, 
                {
                    "device": "right_knee_pitch", 
                    "value": 445
                }, 
                {
                    "device": "right_foot_pitch", 
                    "value": -116
                }, 
                {
                    "device": "right_foot_roll", 
                    "value": 424
                }
            ], 
            "transition_time_ms": 200
        }, 
        {
            "@index": 4, 
            "outputs": [
                {
                    "device": "left_shoulder_pitch", 
                    "value": 152
                }, 
                {
                    "device": "left_thigh_yaw", 
                    "value": 0
                }, 
                {
                    "device": "left_shoulder_roll", 
                    "value": -30
                }, 
                {
                    "device": "left_elbow_roll", 
                    "value": 0
                }, 
                {
                    "device": "left_thigh_roll", 
                    "value": 0
                }, 
                {
                    "device": "left_thigh_pitch", 
                    "value": 90
                }, 
                {
                    "device": "left_knee_pitch", 
                    "value": -320
                }, 
                {
                    "device": "left_foot_pitch", 
                    "value": -200
                }, 
                {
                    "device": "left_foot_roll", 
                    "value": 170
                }, 
                {
                    "device": "right_shoulder_pitch", 
                    "value": 138
                }, 
                {
                    "device": "right_thigh_yaw", 
                    "value": -337
                }, 
                {
                    "device": "right_shoulder_roll", 
                    "value": 70
                }, 
                {
                    "device": "right_elbow_roll", 
                    "value": 0
                }, 
                {
                    "device": "right_thigh_roll", 
                    "value": 259
                }, 
                {
                    "device": "right_thigh_pitch", 
                    "value": -531
                }, 
                {
                    "device": "right_knee_pitch", 
                    "value": -43
                }, 
                {
                    "device": "right_foot_pitch", 
                    "value": -116
                }, 
                {
                    "device": "right_foot_roll", 
                    "value": 424
                }
            ], 
            "transition_time_ms": 200
        }, 
        {
            "@index": 5, 
            "outputs": [
                {
                    "device": "left_shoulder_pitch", 
                    "value": 152
                }, 
                {
                    "device": "left_thigh_yaw", 
                    "value": -493
                }, 
                {
                    "device": "left_shoulder_roll", 
                    "value": -30
                }, 
                {
                    "device": "left_elbow_roll", 
                    "value": 0
                }, 
                {
                    "device": "left_thigh_roll", 
                    "value": 230
                }, 
                {
                    "device": "left_thigh_pitch", 
                    "value": -20
                }, 
                {
                    "device": "left_knee_pitch", 
                    "value": -122
                }, 
                {
                    "device": "left_foot_pitch", 
                    "value": 30
                }, 
                {
                    "device": "left_foot_roll", 
                    "value": 130
                }, 
                {
                    "device": "right_shoulder_pitch", 
                    "value": 138
                }, 
                {
                    "device": "right_thigh_yaw", 
                    "value": -89
                }, 
                {
                    "device": "right_shoulder_roll", 
                    "value": 70
                }, 
                {
                    "device": "right_elbow_roll", 
                    "value": 0
                }, 
                {
                    "device": "right_thigh_roll", 
                    "value": -63
                }, 
                {
                    "device": "right_thigh_pitch", 
                    "value": -711
                }, 
                {
                    "device": "right_knee_pitch", 
                    "value": 445
                }, 
                {
                    "device": "right_foot_pitch", 
                    "value": -116
                }, 
                {
                    "device": "right_foot_roll", 
                    "value": 424
                }
            ], 
            "transition_time_ms": 200
        }, 
        {
            "@index": 6, 
            "outputs": [
                {
                    "device": "left_shoulder_pitch", 
                    "value": 152
                }, 
                {
                    "device": "left_thigh_yaw", 
                    "value": -493
                }, 
                {
                    "device": "left_shoulder_roll", 
                    "value": -30
                }, 
                {
                    "device": "left_elbow_roll", 
                    "value": 0
                }, 
                {
                    "device": "left_thigh_roll", 
                    "value": 230
                }, 
                {
                    "device": "left_thigh_pitch", 
                    "value": -20
                }, 
                {
                    "device": "left_knee_pitch", 
                    "value": -122
                }, 
                {
                    "device": "left_foot_pitch", 
                    "value": 30
                }, 
                {
                    "device": "left_foot_roll", 
                    "value": 130
                }, 
                {
                    "device": "right_shoulder_pitch", 
                    "value": 138
                }, 
                {
                    "device": "right_thigh_yaw", 
                    "value": -89
                }, 
                {
                    "device": "right_shoulder_roll", 
                    "value": 70
                }, 
                {
                    "device": "right_elbow_roll", 
                    "value": 0
                }, 
                {
                    "device": "right_thigh_roll", 
                    "value": -63
                }, 
                {
                    "device": "right_thigh_pitch", 
                    "value": -711
                }, 
                {
                    "device": "right_knee_pitch", 
                    "value": 445
                }, 
                {
                    "device": "right_foot_pitch", 
                    "value": -116
                }, 
                {
                    "device": "right_foot_roll", 
                    "value": 424
                }
            ], 
            "transition_time_ms": 440
        }, 
        {
            "@index": 7, 
            "outputs": [
                {
                    "device": "left_shoulder_pitch", 
                    "value": 152
                }, 
                {
                    "device": "left_thigh_yaw", 
                    "value": -448
                }, 
                {
                    "device": "left_shoulder_roll", 
                    "value": -30
                }, 
                {
                    "device": "left_elbow_roll", 
                    "value": 0
                }, 
                {
                    "device": "left_thigh_roll", 
                    "value": -60
                }, 
                {
                    "device": "left_thigh_pitch", 
                    "value": 80
                }, 
                {
                    "device": "left_knee_pitch", 
                    "value": -262
                }, 
                {
                    "device": "left_foot_pitch", 
                    "value": -50
                }, 
                {
                    "device": "left_foot_roll", 
                    "value": 44
                }, 
                {
                    "device": "right_shoulder_pitch", 
                    "value": 138
                }, 
                {
                    "device": "right_thigh_yaw", 
                    "value": -138
                }, 
                {
                    "device": "right_shoulder_roll", 
                    "value": 70
                }, 
                {
                    "device": "right_elbow_roll", 
                    "value": 0
                }, 
                {
                    "device": "right_thigh_roll", 
                    "value": -63
                }, 
                {
                    "device": "right_thigh_pitch", 
                    "value": -531
                }, 
                {
                    "device": "right_knee_pitch", 
                    "value": 445
                }, 
                {
                    "device": "right_foot_pitch", 
                    "value": -116
                }, 
                {
                    "device": "right_foot_roll", 
                    "value": 424
                }
            ], 
            "transition_time_ms": 200
        }, 
        {
            "@index": 8, 
            "outputs": [
                {
                    "device": "left_shoulder_pitch", 
                    "value": 152
                }, 
                {
                    "device": "left_thigh_yaw", 
                    "value": -448
                }, 
                {
                    "device": "left_shoulder_roll", 
                    "value": -30
                }, 
                {
                    "device": "left_elbow_roll", 
                    "value": 0
                }, 
                {
                    "device": "left_thigh_roll", 
                    "value": -60
                }, 
                {
                    "device": "left_thigh_pitch", 
                    "value": 80
                }, 
                {
                    "device": "left_knee_pitch", 
                    "value": -262
                }, 
                {
                    "device": "left_foot_pitch", 
                    "value": -50
                }, 
                {
                    "device": "left_foot_roll", 
                    "value": 44
                }, 
                {
                    "device": "right_shoulder_pitch", 
                    "value": 138
                }, 
                {
                    "device": "right_thigh_yaw", 
                    "value": -138
                }, 
                {
                    "device": "right_shoulder_roll", 
                    "value": 70
                }, 
                {
                    "device": "right_elbow_roll", 
                    "value": 0
                }, 
                {
                    "device": "right_thigh_roll", 
                    "value": 48
                }, 
                {
                    "device": "right_thigh_pitch", 
                    "value": -531
                }, 
                {
                    "device": "right_knee_pitch", 
                    "value": 831
                }, 
                {
                    "device": "right_foot_pitch", 
                    "value": 191
                }, 
                {
                    "device": "right_foot_roll", 
                    "value": 102
                }
            ], 
            "transition_time_ms": 200
        }, 
        {
            "@index": 9, 
            "outputs": [
                {
                    "device": "left_shoulder_pitch", 
                    "value": 0
                }, 
                {
                    "device": "left_thigh_yaw", 
                    "value": 0
                }, 
                {
                    "device": "left_shoulder_roll", 
                    "value": 0
                }, 
                {
                    "device": "left_elbow_roll", 
                    "value": 0
                }, 
                {
                    "device": "left_thigh_roll", 
                    "value": 0
                }, 
                {
                    "device": "left_thigh_pitch", 
                    "value": 0
                }, 
                {
                    "device": "left_knee_pitch", 
                    "value": 0
                }, 
                {
                    "device": "left_foot_pitch", 
                    "value": 0
                }, 
                {
                    "device": "left_foot_roll", 
                    "value": 0
                }, 
                {
                    "device": "right_shoulder_pitch", 
                    "value": 0
                }, 
                {
                    "device": "right_thigh_yaw", 
                    "value": 0
                }, 
                {
                    "device": "right_shoulder_roll", 
                    "value": 0
                }, 
                {
                    "device": "right_elbow_roll", 
                    "value": 0
                }, 
                {
                    "device": "right_thigh_roll", 
                    "value": 0
                }, 
                {
                    "device": "right_thigh_pitch", 
                    "value": 0
                }, 
                {
                    "device": "right_knee_pitch", 
                    "value": 0
                }, 
                {
                    "device": "right_foot_pitch", 
                    "value": 0
                }, 
                {
                    "device": "right_foot_roll", 
                    "value": 0
                }
            ], 
            "transition_time_ms": 300
        }
    ], 
    "name": "Pass to Left", 
    "slot": 26
}