{
    "@frame_length": 20, 
    "@metadata": {
        "author": "PLEN Project Company Inc.", 
        "required-firmware": "1.4.1~", 
        "target": "PLEN2"
    }, 
    "codes": [], 
    "frames": [
        {
            "@index": 0, 
            "outputs": [
                {
                    "device": "right_shoulder_pitch", 
                    "value": 0
                }, 
                {
                    "device": "right_shoulder_roll", 
                    "value": 0
                }, 
                {
                    "device": "right_elbow_roll", 
                    "value": 0
                }, 
                {
                    "device": "right_thigh_yaw", 
                    "value": 0
                }, 
                {
                    "device": "right_thigh_roll", 
                    "value": 0
                }, 
                {
                    "device": "right_thigh_pitch", 
                    "value": 0
                }, 
                {
                    "device": "right_knee_pitch", 
                    "value": 0
                }, 
                {
                    "device": "right_foot_pitch", 
                    "value": 0
                }, 
                {
                    "device": "right_foot_roll", 
                    "value": 0
                }, 
                {
                    "device": "left_shoulder_pitch", 
                    "value": 0
                }, 
                {
                    "device": "left_shoulder_roll", 
                    "value": 0
                }, 
                {
                    "device": "left_elbow_roll", 
                    "value": 0
                }, 
                {
                    "device": "left_thigh_yaw", 
                    "value": 0
                }, 
                {
                    "device": "left_thigh_roll", 
                    "value": 0
                }, 
                {
                    "device": "left_thigh_pitch", 
                    "value": 0
                }, 
                {
                    "device": "left_knee_pitch", 
                    "value": 0
                }, 
                {
                    "device": "left_foot_pitch", 
                    "value": 0
                }, 
                {
                    "device": "left_foot_roll", 
                    "value": 0
                }
            ], 
            "transition_time_ms": 100
        }, 
        {
            "@index": 1, 
            "outputs": [
                {
                    "device": "right_shoulder_pitch", 
                    "value": -700
                }, 
                {
                    "device": "right_shoulder_roll", 
                    "value": 480
                }, 
                {
                    "device": "right_elbow_roll", 
                    "value": 0
                }, 
                {
                    "device": "right_thigh_yaw", 
                    "value": 0
                }, 
                {
                    "device": "right_thigh_roll", 
                    "value": 0
                }, 
                {
                    "device": "right_thigh_pitch", 
                    "value": 0
                }, 
                {
                    "device": "right_knee_pitch", 
                    "value": 0
                }, 
                {
                    "device": "right_foot_pitch", 
                    "value": 0
                }, 
                {
                    "device": "right_foot_roll", 
                    "value": 0
                }, 
                {
                    "device": "left_shoulder_pitch", 
                    "value": 701
                }, 
                {
                    "device": "left_shoulder_roll", 
                    "value": -482
                }, 
                {
                    "device": "left_elbow_roll", 
                    "value": 0
                }, 
                {
                    "device": "left_thigh_yaw", 
                    "value": 0
                }, 
                {
                    "device": "left_thigh_roll", 
                    "value": 0
                }, 
                {
                    "device": "left_thigh_pitch", 
                    "value": 0
                }, 
                {
                    "device": "left_knee_pitch", 
                    "value": 0
                }, 
                {
                    "device": "left_foot_pitch", 
                    "value": 0
                }, 
                {
                    "device": "left_foot_roll", 
                    "value": 0
                }
            ], 
            "transition_time_ms": 600
        }, 
        {
            "@index": 2, 
            "outputs": [
                {
                    "device": "right_shoulder_pitch", 
                    "value": -700
                }, 
                {
                    "device": "right_shoulder_roll", 
                    "value": 480
                }, 
                {
                    "device": "right_elbow_roll", 
                    "value": 0
                }, 
                {
                    "device": "right_thigh_yaw", 
                    "value": 0
                }, 
                {
                    "device": "right_thigh_roll", 
                    "value": 0
                }, 
                {
                    "device": "right_thigh_pitch", 
                    "value": 0
                }, 
                {
                    "device": "right_knee_pitch", 
                    "value": 0
                }, 
                {
                    "device": "right_foot_pitch", 
                    "value": 0
                }, 
                {
                    "device": "right_foot_roll", 
                    "value": 0
                }, 
                {
                    "device": "left_shoulder_pitch", 
                    "value": 700
                }, 
                {
                    "device": "left_shoulder_roll", 
                    "value": -479
                }, 
                {
                    "device": "left_elbow_roll", 
                    "value": 0
                }, 
                {
                    "device": "left_thigh_yaw", 
                    "value": 0
                }, 
                {
                    "device": "left_thigh_roll", 
                    "value": 0
                }, 
                {
                    "device": "left_thigh_pitch", 
                    "value": 0
                }, 
                {
                    "device": "left_knee_pitch", 
                    "value": 0
                }, 
                {
                    "device": "left_foot_pitch", 
                    "value": 0
                }, 
                {
                    "device": "left_foot_roll", 
                    "value": 0
                }
            ], 
            "transition_time_ms": 600
        }, 
        {
            "@index": 3, 
            "outputs": [
                {
                    "device": "right_shoulder_pitch", 
                    "value": -700
                }, 
                {
                    "device": "right_shoulder_roll", 
                    "value": -156
                }, 
                {
                    "device": "right_elbow_roll", 
                    "value": 553
                }, 
                {
                    "device": "right_thigh_yaw", 
                    "value": 0
                }, 
                {
                    "device": "right_thigh_roll", 
                    "value": 0
                }, 
                {
                    "device": "right_thigh_pitch", 
                    "value": 0
                }, 
                {
                    "device": "right_knee_pitch", 
                    "value": 0
                }, 
                {
                    "device": "right_foot_pitch", 
                    "value": 0
                }, 
                {
                    "device": "right_foot_roll", 
                    "value": 0
                }, 
                {
                    "device": "left_shoulder_pitch", 
                    "value": 700
                }, 
                {
                    "device": "left_shoulder_roll", 
                    "value": 156
                }, 
                {
                    "device": "left_elbow_roll", 
                    "value": -553
                }, 
                {
                    "device": "left_thigh_yaw", 
                    "value": 0
                }, 
                {
                    "device": "left_thigh_roll", 
                    "value": 0
                }, 
                {
                    "device": "left_thigh_pitch", 
                    "value": 0
                }, 
                {
                    "device": "left_knee_pitch", 
                    "value": 0
                }, 
                {
                    "device": "left_foot_pitch", 
                    "value": 0
                }, 
                {
                    "device": "left_foot_roll", 
                    "value": 0
                }
            ], 
            "transition_time_ms": 350
        }, 
        {
            "@index": 4, 
            "outputs": [
                {
                    "device": "right_shoulder_pitch", 
                    "value": -700
                }, 
                {
                    "device": "right_shoulder_roll", 
                    "value": 30
                }, 
                {
                    "device": "right_elbow_roll", 
                    "value": 460
                }, 
                {
                    "device": "right_thigh_yaw", 
                    "value": 0
                }, 
                {
                    "device": "right_thigh_roll", 
                    "value": 0
                }, 
                {
                    "device": "right_thigh_pitch", 
                    "value": 0
                }, 
                {
                    "device": "right_knee_pitch", 
                    "value": 0
                }, 
                {
                    "device": "right_foot_pitch", 
                    "value": 0
                }, 
                {
                    "device": "right_foot_roll", 
                    "value": 0
                }, 
                {
                    "device": "left_shoulder_pitch", 
                    "value": 700
                }, 
                {
                    "device": "left_shoulder_roll", 
                    "value": -30
                }, 
                {
                    "device": "left_elbow_roll", 
                    "value": -460
                }, 
                {
                    "device": "left_thigh_yaw", 
                    "value": 0
                }, 
                {
                    "device": "left_thigh_roll", 
                    "value": 0
                }, 
                {
                    "device": "left_thigh_pitch", 
                    "value": 0
                }, 
                {
                    "device": "left_knee_pitch", 
                    "value": 0
                }, 
                {
                    "device": "left_foot_pitch", 
                    "value": 0
                }, 
                {
                    "device": "left_foot_roll", 
                    "value": 0
                }
            ], 
            "transition_time_ms": 220
        }, 
        {
            "@index": 5, 
            "outputs": [
                {
                    "device": "right_shoulder_pitch", 
                    "value": -700
                }, 
                {
                    "device": "right_shoulder_roll", 
                    "value": -156
                }, 
                {
                    "device": "right_elbow_roll", 
                    "value": 553
                }, 
                {
                    "device": "right_thigh_yaw", 
                    "value": 0
                }, 
                {
                    "device": "right_thigh_roll", 
                    "value": 0
                }, 
                {
                    "device": "right_thigh_pitch", 
                    "value": 0
                }, 
                {
                    "device": "right_knee_pitch", 
                    "value": 0
                }, 
                {
                    "device": "right_foot_pitch", 
                    "value": 0
                }, 
                {
                    "device": "right_foot_roll", 
                    "value": 0
                }, 
                {
                    "device": "left_shoulder_pitch", 
                    "value": 700
                }, 
                {
                    "device": "left_shoulder_roll", 
                    "value": 156
                }, 
                {
                    "device": "left_elbow_roll", 
                    "value": -553
                }, 
                {
                    "device": "left_thigh_yaw", 
                    "value": 0
                }, 
                {
                    "device": "left_thigh_roll", 
                    "value": 0
                }, 
                {
                    "device": "left_thigh_pitch", 
                    "value": 0
                }, 
                {
                    "device": "left_knee_pitch", 
                    "value": 0
                }, 
                {
                    "device": "left_foot_pitch", 
                    "value": 0
                }, 
                {
                    "device": "left_foot_roll", 
                    "value": 0
                }
            ], 
            "transition_time_ms": 220
        }, 
        {
            "@index": 6, 
            "outputs": [
                {
                    "device": "right_shoulder_pitch", 
                    "value": -700
                }, 
                {
                    "device": "right_shoulder_roll", 
                    "value": 30
                }, 
                {
                    "device": "right_elbow_roll", 
                    "value": 460
                }, 
                {
                    "device": "right_thigh_yaw", 
                    "value": 0
                }, 
                {
                    "device": "right_thigh_roll", 
                    "value": 0
                }, 
                {
                    "device": "right_thigh_pitch", 
                    "value": 0
                }, 
                {
                    "device": "right_knee_pitch", 
                    "value": 0
                }, 
                {
                    "device": "right_foot_pitch", 
                    "value": 0
                }, 
                {
                    "device": "right_foot_roll", 
                    "value": 0
                }, 
                {
                    "device": "left_shoulder_pitch", 
                    "value": 700
                }, 
                {
                    "device": "left_shoulder_roll", 
                    "value": -30
                }, 
                {
                    "device": "left_elbow_roll", 
                    "value": -460
                }, 
                {
                    "device": "left_thigh_yaw", 
                    "value": 0
                }, 
                {
                    "device": "left_thigh_roll", 
                    "value": 0
                }, 
                {
                    "device": "left_thigh_pitch", 
                    "value": 0
                }, 
                {
                    "device": "left_knee_pitch", 
                    "value": 0
                }, 
                {
                    "device": "left_foot_pitch", 
                    "value": 0
                }, 
                {
                    "device": "left_foot_roll", 
                    "value": 0
                }
            ], 
            "transition_time_ms": 220
        }, 
        {
            "@index": 7, 
            "outputs": [
                {
                    "device": "right_shoulder_pitch", 
                    "value": -700
                }, 
                {
                    "device": "right_shoulder_roll", 
                    "value": -156
                }, 
                {
                    "device": "right_elbow_roll", 
                    "value": 553
                }, 
                {
                    "device": "right_thigh_yaw", 
                    "value": 0
                }, 
                {
                    "device": "right_thigh_roll", 
                    "value": 0
                }, 
                {
                    "device": "right_thigh_pitch", 
                    "value": 0
                }, 
                {
                    "device": "right_knee_pitch", 
                    "value": 0
                }, 
                {
                    "device": "right_foot_pitch", 
                    "value": 0
                }, 
                {
                    "device": "right_foot_roll", 
                    "value": 0
                }, 
                {
                    "device": "left_shoulder_pitch", 
                    "value": 700
                }, 
                {
                    "device": "left_shoulder_roll", 
                    "value": 156
                }, 
                {
                    "device": "left_elbow_roll", 
                    "value": -553
                }, 
                {
                    "device": "left_thigh_yaw", 
                    "value": 0
                }, 
                {
                    "device": "left_thigh_roll", 
                    "value": 0
                }, 
                {
                    "device": "left_thigh_pitch", 
                    "value": 0
                }, 
                {
                    "device": "left_knee_pitch", 
                    "value": 0
                }, 
                {
                    "device": "left_foot_pitch", 
                    "value": 0
                }, 
                {
                    "device": "left_foot_roll", 
                    "value": 0
                }
            ], 
            "transition_time_ms": 220
        }, 
        {
            "@index": 8, 
            "outputs": [
                {
                    "device": "right_shoulder_pitch", 
                    "value": -700
                }, 
                {
                    "device": "right_shoulder_roll", 
                    "value": 30
                }, 
                {
                    "device": "right_elbow_roll", 
                    "value": 460
                }, 
                {
                    "device": "right_thigh_yaw", 
                    "value": 0
                }, 
                {
                    "device": "right_thigh_roll", 
                    "value": 0
                }, 
                {
                    "device": "right_thigh_pitch", 
                    "value": 0
                }, 
                {
                    "device": "right_knee_pitch", 
                    "value": 0
                }, 
                {
                    "device": "right_foot_pitch", 
                    "value": 0
                }, 
                {
                    "device": "right_foot_roll", 
                    "value": 0
                }, 
                {
                    "device": "left_shoulder_pitch", 
                    "value": 700
                }, 
                {
                    "device": "left_shoulder_roll", 
                    "value": -30
                }, 
                {
                    "device": "left_elbow_roll", 
                    "value": -460
                }, 
                {
                    "device": "left_thigh_yaw", 
                    "value": 0
                }, 
                {
                    "device": "left_thigh_roll", 
                    "value": 0
                }, 
                {
                    "device": "left_thigh_pitch", 
                    "value": 0
                }, 
                {
                    "device": "left_knee_pitch", 
                    "value": 0
                }, 
                {
                    "device": "left_foot_pitch", 
                    "value": 0
                }, 
                {
                    "device": "left_foot_roll", 
                    "value": 0
                }
            ], 
            "transition_time_ms": 220
        }, 
        {
            "@index": 9, 
            "outputs": [
                {
                    "device": "right_shoulder_pitch", 
                    "value": -700
                }, 
                {
                    "device": "right_shoulder_roll", 
                    "value": -156
                }, 
                {
                    "device": "right_elbow_roll", 
                    "value": 553
                }, 
                {
                    "device": "right_thigh_yaw", 
                    "value": 0
                }, 
                {
                    "device": "right_thigh_roll", 
                    "value": 0
                }, 
                {
                    "device": "right_thigh_pitch", 
                    "value": 0
                }, 
                {
                    "device": "right_knee_pitch", 
                    "value": 0
                }, 
                {
                    "device": "right_foot_pitch", 
                    "value": 0
                }, 
                {
                    "device": "right_foot_roll", 
                    "value": 0
                }, 
                {
                    "device": "left_shoulder_pitch", 
                    "value": 700
                }, 
                {
                    "device": "left_shoulder_roll", 
                    "value": 156
                }, 
                {
                    "device": "left_elbow_roll", 
                    "value": -553
                }, 
                {
                    "device": "left_thigh_yaw", 
                    "value": 0
                }, 
                {
                    "device": "left_thigh_roll", 
                    "value": 0
                }, 
                {
                    "device": "left_thigh_pitch", 
                    "value": 0
                }, 
                {
                    "device": "left_knee_pitch", 
                    "value": 0
                }, 
                {
                    "device": "left_foot_pitch", 
                    "value": 0
                }, 
                {
                    "device": "left_foot_roll", 
                    "value": 0
                }
            ], 
            "transition_time_ms": 220
        }, 
        {
            "@index": 10, 
            "outputs": [
                {
                    "device": "right_shoulder_pitch", 
                    "value": -700
                }, 
                {
                    "device": "right_shoulder_roll", 
                    "value": 30
                }, 
                {
                    "device": "right_elbow_roll", 
                    "value": 460
                }, 
                {
                    "device": "right_thigh_yaw", 
                    "value": 0
                }, 
                {
                    "device": "right_thigh_roll", 
                    "value": 0
                }, 
                {
                    "device": "right_thigh_pitch", 
                    "value": 0
                }, 
                {
                    "device": "right_knee_pitch", 
                    "value": 0
                }, 
                {
                    "device": "right_foot_pitch", 
                    "value": 0
                }, 
                {
                    "device": "right_foot_roll", 
                    "value": 0
                }, 
                {
                    "device": "left_shoulder_pitch", 
                    "value": 700
                }, 
                {
                    "device": "left_shoulder_roll", 
                    "value": -30
                }, 
                {
                    "device": "left_elbow_roll", 
                    "value": -460
                }, 
                {
                    "device": "left_thigh_yaw", 
                    "value": 0
                }, 
                {
                    "device": "left_thigh_roll", 
                    "value": 0
                }, 
                {
                    "device": "left_thigh_pitch", 
                    "value": 0
                }, 
                {
                    "device": "left_knee_pitch", 
                    "value": 0
                }, 
                {
                    "device": "left_foot_pitch", 
                    "value": 0
                }, 
                {
                    "device": "left_foot_roll", 
                    "value": 0
                }
            ], 
            "transition_time_ms": 220
        }, 
        {
            "@index": 11, 
            "outputs": [
                {
                    "device": "right_shoulder_pitch", 
                    "value": -700
                }, 
                {
                    "device": "right_shoulder_roll", 
                    "value": -156
                }, 
                {
                    "device": "right_elbow_roll", 
                    "value": 553
                }, 
                {
                    "device": "right_thigh_yaw", 
                    "value": 0
                }, 
                {
                    "device": "right_thigh_roll", 
                    "value": 0
                }, 
                {
                    "device": "right_thigh_pitch", 
                    "value": 0
                }, 
                {
                    "device": "right_knee_pitch", 
                    "value": 0
                }, 
                {
                    "device": "right_foot_pitch", 
                    "value": 0
                }, 
                {
                    "device": "right_foot_roll", 
                    "value": 0
                }, 
                {
                    "device": "left_shoulder_pitch", 
                    "value": 700
                }, 
                {
                    "device": "left_shoulder_roll", 
                    "value": 156
                }, 
                {
                    "device": "left_elbow_roll", 
                    "value": -553
                }, 
                {
                    "device": "left_thigh_yaw", 
                    "value": 0
                }, 
                {
                    "device": "left_thigh_roll", 
                    "value": 0
                }, 
                {
                    "device": "left_thigh_pitch", 
                    "value": 0
                }, 
                {
                    "device": "left_knee_pitch", 
                    "value": 0
                }, 
                {
                    "device": "left_foot_pitch", 
                    "value": 0
                }, 
                {
                    "device": "left_foot_roll", 
                    "value": 0
                }
            ], 
            "transition_time_ms": 220
        }, 
        {
            "@index": 12, 
            "outputs": [
                {
                    "device": "right_shoulder_pitch", 
                    "value": -700
                }, 
                {
                    "device": "right_shoulder_roll", 
                    "value": 30
                }, 
                {
                    "device": "right_elbow_roll", 
                    "value": 460
                }, 
                {
                    "device": "right_thigh_yaw", 
                    "value": 0
                }, 
                {
                    "device": "right_thigh_roll", 
                    "value": 0
                }, 
                {
                    "device": "right_thigh_pitch", 
                    "value": 0
                }, 
                {
                    "device": "right_knee_pitch", 
                    "value": 0
                }, 
                {
                    "device": "right_foot_pitch", 
                    "value": 0
                }, 
                {
                    "device": "right_foot_roll", 
                    "value": 0
                }, 
                {
                    "device": "left_shoulder_pitch", 
                    "value": 700
                }, 
                {
                    "device": "left_shoulder_roll", 
                    "value": -30
                }, 
                {
                    "device": "left_elbow_roll", 
                    "value": -460
                }, 
                {
                    "device": "left_thigh_yaw", 
                    "value": 0
                }, 
                {
                    "device": "left_thigh_roll", 
                    "value": 0
                }, 
                {
                    "device": "left_thigh_pitch", 
                    "value": 0
                }, 
                {
                    "device": "left_knee_pitch", 
                    "value": 0
                }, 
                {
                    "device": "left_foot_pitch", 
                    "value": 0
                }, 
                {
                    "device": "left_foot_roll", 
                    "value": 0
                }
            ], 
            "transition_time_ms": 220
        }, 
        {
            "@index": 13, 
            "outputs": [
                {
                    "device": "right_shoulder_pitch", 
                    "value": -700
                }, 
                {
                    "device": "right_shoulder_roll", 
                    "value": -156
                }, 
                {
                    "device": "right_elbow_roll", 
                    "value": 553
                }, 
                {
                    "device": "right_thigh_yaw", 
                    "value": 0
                }, 
                {
                    "device": "right_thigh_roll", 
                    "value": 0
                }, 
                {
                    "device": "right_thigh_pitch", 
                    "value": 0
                }, 
                {
                    "device": "right_knee_pitch", 
                    "value": 0
                }, 
                {
                    "device": "right_foot_pitch", 
                    "value": 0
                }, 
                {
                    "device": "right_foot_roll", 
                    "value": 0
                }, 
                {
                    "device": "left_shoulder_pitch", 
                    "value": 700
                }, 
                {
                    "device": "left_shoulder_roll", 
                    "value": 156
                }, 
                {
                    "device": "left_elbow_roll", 
                    "value": -553
                }, 
                {
                    "device": "left_thigh_yaw", 
                    "value": 0
                }, 
                {
                    "device": "left_thigh_roll", 
                    "value": 0
                }, 
                {
                    "device": "left_thigh_pitch", 
                    "value": 0
                }, 
                {
                    "device": "left_knee_pitch", 
                    "value": 0
                }, 
                {
                    "device": "left_foot_pitch", 
                    "value": 0
                }, 
                {
                    "device": "left_foot_roll", 
                    "value": 0
                }
            ], 
            "transition_time_ms": 220
        }, 
        {
            "@index": 14, 
            "outputs": [
                {
                    "device": "right_shoulder_pitch", 
                    "value": -700
                }, 
                {
                    "device": "right_shoulder_roll", 
                    "value": 30
                }, 
                {
                    "device": "right_elbow_roll", 
                    "value": 460
                }, 
                {
                    "device": "right_thigh_yaw", 
                    "value": 0
                }, 
                {
                    "device": "right_thigh_roll", 
                    "value": 0
                }, 
                {
                    "device": "right_thigh_pitch", 
                    "value": 0
                }, 
                {
                    "device": "right_knee_pitch", 
                    "value": 0
                }, 
                {
                    "device": "right_foot_pitch", 
                    "value": 0
                }, 
                {
                    "device": "right_foot_roll", 
                    "value": 0
                }, 
                {
                    "device": "left_shoulder_pitch", 
                    "value": 700
                }, 
                {
                    "device": "left_shoulder_roll", 
                    "value": -30
                }, 
                {
                    "device": "left_elbow_roll", 
                    "value": -460
                }, 
                {
                    "device": "left_thigh_yaw", 
                    "value": 0
                }, 
                {
                    "device": "left_thigh_roll", 
                    "value": 0
                }, 
                {
                    "device": "left_thigh_pitch", 
                    "value": 0
                }, 
                {
                    "device": "left_knee_pitch", 
                    "value": 0
                }, 
                {
                    "device": "left_foot_pitch", 
                    "value": 0
                }, 
                {
                    "device": "left_foot_roll", 
                    "value": 0
                }
            ], 
            "transition_time_ms": 220
        }, 
        {
            "@index": 15, 
            "outputs": [
                {
                    "device": "right_shoulder_pitch", 
                    "value": -700
                }, 
                {
                    "device": "right_shoulder_roll", 
                    "value": -156
                }, 
                {
                    "device": "right_elbow_roll", 
                    "value": 553
                }, 
                {
                    "device": "right_thigh_yaw", 
                    "value": 0
                }, 
                {
                    "device": "right_thigh_roll", 
                    "value": 0
                }, 
                {
                    "device": "right_thigh_pitch", 
                    "value": 0
                }, 
                {
                    "device": "right_knee_pitch", 
                    "value": 0
                }, 
                {
                    "device": "right_foot_pitch", 
                    "value": 0
                }, 
                {
                    "device": "right_foot_roll", 
                    "value": 0
                }, 
                {
                    "device": "left_shoulder_pitch", 
                    "value": 700
                }, 
                {
                    "device": "left_shoulder_roll", 
                    "value": 156
                }, 
                {
                    "device": "left_elbow_roll", 
                    "value": -553
                }, 
                {
                    "device": "left_thigh_yaw", 
                    "value": 0
                }, 
                {
                    "device": "left_thigh_roll", 
                    "value": 0
                }, 
                {
                    "device": "left_thigh_pitch", 
                    "value": 0
                }, 
                {
                    "device": "left_knee_pitch", 
                    "value": 0
                }, 
                {
                    "device": "left_foot_pitch", 
                    "value": 0
                }, 
                {
                    "device": "left_foot_roll", 
                    "value": 0
                }
            ], 
            "transition_time_ms": 220
        }, 
        {
            "@index": 16, 
            "outputs": [
                {
                    "device": "right_shoulder_pitch", 
                    "value": -700
                }, 
                {
                    "device": "right_shoulder_roll", 
                    "value": 30
                }, 
                {
                    "device": "right_elbow_roll", 
                    "value": 460
                }, 
                {
                    "device": "right_thigh_yaw", 
                    "value": 0
                }, 
                {
                    "device": "right_thigh_roll", 
                    "value": 0
                }, 
                {
                    "device": "right_thigh_pitch", 
                    "value": 0
                }, 
                {
                    "device": "right_knee_pitch", 
                    "value": 0
                }, 
                {
                    "device": "right_foot_pitch", 
                    "value": 0
                }, 
                {
                    "device": "right_foot_roll", 
                    "value": 0
                }, 
                {
                    "device": "left_shoulder_pitch", 
                    "value": 700
                }, 
                {
                    "device": "left_shoulder_roll", 
                    "value": -30
                }, 
                {
                    "device": "left_elbow_roll", 
                    "value": -460
                }, 
                {
                    "device": "left_thigh_yaw", 
                    "value": 0
                }, 
                {
                    "device": "left_thigh_roll", 
                    "value": 0
                }, 
                {
                    "device": "left_thigh_pitch", 
                    "value": 0
                }, 
                {
                    "device": "left_knee_pitch", 
                    "value": 0
                }, 
                {
                    "device": "left_foot_pitch", 
                    "value": 0
                }, 
                {
                    "device": "left_foot_roll", 
                    "value": 0
                }
            ], 
            "transition_time_ms": 220
        }, 
        {
            "@index": 17, 
            "outputs": [
                {
                    "device": "right_shoulder_pitch", 
                    "value": -700
                }, 
                {
                    "device": "right_shoulder_roll", 
                    "value": -156
                }, 
                {
                    "device": "right_elbow_roll", 
                    "value": 553
                }, 
                {
                    "device": "right_thigh_yaw", 
                    "value": 0
                }, 
                {
                    "device": "right_thigh_roll", 
                    "value": 0
                }, 
                {
                    "device": "right_thigh_pitch", 
                    "value": 0
                }, 
                {
                    "device": "right_knee_pitch", 
                    "value": 0
                }, 
                {
                    "device": "right_foot_pitch", 
                    "value": 0
                }, 
                {
                    "device": "right_foot_roll", 
                    "value": 0
                }, 
                {
                    "device": "left_shoulder_pitch", 
                    "value": 700
                }, 
                {
                    "device": "left_shoulder_roll", 
                    "value": 156
                }, 
                {
                    "device": "left_elbow_roll", 
                    "value": -553
                }, 
                {
                    "device": "left_thigh_yaw", 
                    "value": 0
                }, 
                {
                    "device": "left_thigh_roll", 
                    "value": 0
                }, 
                {
                    "device": "left_thigh_pitch", 
                    "value": 0
                }, 
                {
                    "device": "left_knee_pitch", 
                    "value": 0
                }, 
                {
                    "device": "left_foot_pitch", 
                    "value": 0
                }, 
                {
                    "device": "left_foot_roll", 
                    "value": 0
                }
            ], 
            "transition_time_ms": 220
        }, 
        {
            "@index": 18, 
            "outputs": [
                {
                    "device": "right_shoulder_pitch", 
                    "value": -700
                }, 
                {
                    "device": "right_shoulder_roll", 
                    "value": 160
                }, 
                {
                    "device": "right_elbow_roll", 
                    "value": 200
                }, 
                {
                    "device": "right_thigh_yaw", 
                    "value": 0
                }, 
                {
                    "device": "right_thigh_roll", 
                    "value": 0
                }, 
                {
                    "device": "right_thigh_pitch", 
                    "value": 0
                }, 
                {
                    "device": "right_knee_pitch", 
                    "value": 0
                }, 
                {
                    "device": "right_foot_pitch", 
                    "value": 0
                }, 
                {
                    "device": "right_foot_roll", 
                    "value": 0
                }, 
                {
                    "device": "left_shoulder_pitch", 
                    "value": 700
                }, 
                {
                    "device": "left_shoulder_roll", 
                    "value": -160
                }, 
                {
                    "device": "left_elbow_roll", 
                    "value": -200
                }, 
                {
                    "device": "left_thigh_yaw", 
                    "value": 0
                }, 
                {
                    "device": "left_thigh_roll", 
                    "value": 0
                }, 
                {
                    "device": "left_thigh_pitch", 
                    "value": 0
                }, 
                {
                    "device": "left_knee_pitch", 
                    "value": 0
                }, 
                {
                    "device": "left_foot_pitch", 
                    "value": 0
                }, 
                {
                    "device": "left_foot_roll", 
                    "value": 0
                }
            ], 
            "transition_time_ms": 400
        }, 
        {
            "@index": 19, 
            "outputs": [
                {
                    "device": "right_shoulder_pitch", 
                    "value": 0
                }, 
                {
                    "device": "right_shoulder_roll", 
                    "value": 0
                }, 
                {
                    "device": "right_elbow_roll", 
                    "value": 0
                }, 
                {
                    "device": "right_thigh_yaw", 
                    "value": 0
                }, 
                {
                    "device": "right_thigh_roll", 
                    "value": 0
                }, 
                {
                    "device": "right_thigh_pitch", 
                    "value": 0
                }, 
                {
                    "device": "right_knee_pitch", 
                    "value": 0
                }, 
                {
                    "device": "right_foot_pitch", 
                    "value": 0
                }, 
                {
                    "device": "right_foot_roll", 
                    "value": 0
                }, 
                {
                    "device": "left_shoulder_pitch", 
                    "value": 0
                }, 
                {
                    "device": "left_shoulder_roll", 
                    "value": 0
                }, 
                {
                    "device": "left_elbow_roll", 
                    "value": 0
                }, 
                {
                    "device": "left_thigh_yaw", 
                    "value": 0
                }, 
                {
                    "device": "left_thigh_roll", 
                    "value": 0
                }, 
                {
                    "device": "left_thigh_pitch", 
                    "value": 0
                }, 
                {
                    "device": "left_knee_pitch", 
                    "value": 0
                }, 
                {
                    "device": "left_foot_pitch", 
                    "value": 0
                }, 
                {
                    "device": "left_foot_roll", 
                    "value": 0
                }
            ], 
            "transition_time_ms": 800
        }
    ], 
    "name": "Pass It to Me!", 
    "slot": 27
}