{
    "@frame_length": 15, 
    "@metadata": {
        "author": "PLEN Project Company Inc.", 
        "required-firmware": "1.4.1~", 
        "target": "PLEN2"
    }, 
    "codes": [], 
    "frames": [
        {
            "@index": 0, 
            "outputs": [
                {
                    "device": "left_shoulder_pitch", 
                    "value": 0
                }, 
                {
                    "device": "left_thigh_yaw", 
                    "value": 0
                }, 
                {
                    "device": "left_shoulder_roll", 
                    "value": 0
                }, 
                {
                    "device": "left_elbow_roll", 
                    "value": 0
                }, 
                {
                    "device": "left_thigh_roll", 
                    "value": 0
                }, 
                {
                    "device": "left_thigh_pitch", 
                    "value": 0
                }, 
                {
                    "device": "left_knee_pitch", 
                    "value": 0
                }, 
                {
                    "device": "left_foot_pitch", 
                    "value": 0
                }, 
                {
                    "device": "left_foot_roll", 
                    "value": 0
                }, 
                {
                    "device": "right_shoulder_pitch", 
                    "value": 0
                }, 
                {
                    "device": "right_thigh_yaw", 
                    "value": 0
                }, 
                {
                    "device": "right_shoulder_roll", 
                    "value": 0
                }, 
                {
                    "device": "right_elbow_roll", 
                    "value": 0
                }, 
                {
                    "device": "right_thigh_roll", 
                    "value": 0
                }, 
                {
                    "device": "right_thigh_pitch", 
                    "value": 0
                }, 
                {
                    "device": "right_knee_pitch", 
                    "value": 0
                }, 
                {
                    "device": "right_foot_pitch", 
                    "value": 0
                }, 
                {
                    "device": "right_foot_roll", 
                    "value": 0
                }
            ], 
            "transition_time_ms": 100
        }, 
        {
            "@index": 1, 
            "outputs": [
                {
                    "device": "left_shoulder_pitch", 
                    "value": 0
                }, 
                {
                    "device": "left_thigh_yaw", 
                    "value": 0
                }, 
                {
                    "device": "left_shoulder_roll", 
                    "value": -322
                }, 
                {
                    "device": "left_elbow_roll", 
                    "value": -557
                }, 
                {
                    "device": "left_thigh_roll", 
                    "value": 0
                }, 
                {
                    "device": "left_thigh_pitch", 
                    "value": 0
                }, 
                {
                    "device": "left_knee_pitch", 
                    "value": 0
                }, 
                {
                    "device": "left_foot_pitch", 
                    "value": 0
                }, 
                {
                    "device": "left_foot_roll", 
                    "value": 0
                }, 
                {
                    "device": "right_shoulder_pitch", 
                    "value": 0
                }, 
                {
                    "device": "right_thigh_yaw", 
                    "value": 0
                }, 
                {
                    "device": "right_shoulder_roll", 
                    "value": 322
                }, 
                {
                    "device": "right_elbow_roll", 
                    "value": 557
                }, 
                {
                    "device": "right_thigh_roll", 
                    "value": 0
                }, 
                {
                    "device": "right_thigh_pitch", 
                    "value": 0
                }, 
                {
                    "device": "right_knee_pitch", 
                    "value": 0
                }, 
                {
                    "device": "right_foot_pitch", 
                    "value": 0
                }, 
                {
                    "device": "right_foot_roll", 
                    "value": 0
                }
            ], 
            "transition_time_ms": 200
        }, 
        {
            "@index": 2, 
            "outputs": [
                {
                    "device": "left_shoulder_pitch", 
                    "value": 0
                }, 
                {
                    "device": "left_thigh_yaw", 
                    "value": 0
                }, 
                {
                    "device": "left_shoulder_roll", 
                    "value": -322
                }, 
                {
                    "device": "left_elbow_roll", 
                    "value": -557
                }, 
                {
                    "device": "left_thigh_roll", 
                    "value": -20
                }, 
                {
                    "device": "left_thigh_pitch", 
                    "value": 0
                }, 
                {
                    "device": "left_knee_pitch", 
                    "value": 0
                }, 
                {
                    "device": "left_foot_pitch", 
                    "value": 0
                }, 
                {
                    "device": "left_foot_roll", 
                    "value": -60
                }, 
                {
                    "device": "right_shoulder_pitch", 
                    "value": 0
                }, 
                {
                    "device": "right_thigh_yaw", 
                    "value": 0
                }, 
                {
                    "device": "right_shoulder_roll", 
                    "value": 322
                }, 
                {
                    "device": "right_elbow_roll", 
                    "value": 557
                }, 
                {
                    "device": "right_thigh_roll", 
                    "value": -20
                }, 
                {
                    "device": "right_thigh_pitch", 
                    "value": 0
                }, 
                {
                    "device": "right_knee_pitch", 
                    "value": 0
                }, 
                {
                    "device": "right_foot_pitch", 
                    "value": 0
                }, 
                {
                    "device": "right_foot_roll", 
                    "value": -60
                }
            ], 
            "transition_time_ms": 200
        }, 
        {
            "@index": 3, 
            "outputs": [
                {
                    "device": "left_shoulder_pitch", 
                    "value": 0
                }, 
                {
                    "device": "left_thigh_yaw", 
                    "value": 0
                }, 
                {
                    "device": "left_shoulder_roll", 
                    "value": -322
                }, 
                {
                    "device": "left_elbow_roll", 
                    "value": -557
                }, 
                {
                    "device": "left_thigh_roll", 
                    "value": -35
                }, 
                {
                    "device": "left_thigh_pitch", 
                    "value": 181
                }, 
                {
                    "device": "left_knee_pitch", 
                    "value": -354
                }, 
                {
                    "device": "left_foot_pitch", 
                    "value": -157
                }, 
                {
                    "device": "left_foot_roll", 
                    "value": -37
                }, 
                {
                    "device": "right_shoulder_pitch", 
                    "value": 0
                }, 
                {
                    "device": "right_thigh_yaw", 
                    "value": 0
                }, 
                {
                    "device": "right_shoulder_roll", 
                    "value": 322
                }, 
                {
                    "device": "right_elbow_roll", 
                    "value": 557
                }, 
                {
                    "device": "right_thigh_roll", 
                    "value": -39
                }, 
                {
                    "device": "right_thigh_pitch", 
                    "value": 0
                }, 
                {
                    "device": "right_knee_pitch", 
                    "value": 0
                }, 
                {
                    "device": "right_foot_pitch", 
                    "value": -13
                }, 
                {
                    "device": "right_foot_roll", 
                    "value": -76
                }
            ], 
            "transition_time_ms": 200
        }, 
        {
            "@index": 4, 
            "outputs": [
                {
                    "device": "left_shoulder_pitch", 
                    "value": 0
                }, 
                {
                    "device": "left_thigh_yaw", 
                    "value": 0
                }, 
                {
                    "device": "left_shoulder_roll", 
                    "value": -322
                }, 
                {
                    "device": "left_elbow_roll", 
                    "value": -557
                }, 
                {
                    "device": "left_thigh_roll", 
                    "value": -165
                }, 
                {
                    "device": "left_thigh_pitch", 
                    "value": 111
                }, 
                {
                    "device": "left_knee_pitch", 
                    "value": -214
                }, 
                {
                    "device": "left_foot_pitch", 
                    "value": -87
                }, 
                {
                    "device": "left_foot_roll", 
                    "value": -127
                }, 
                {
                    "device": "right_shoulder_pitch", 
                    "value": 0
                }, 
                {
                    "device": "right_thigh_yaw", 
                    "value": 0
                }, 
                {
                    "device": "right_shoulder_roll", 
                    "value": 322
                }, 
                {
                    "device": "right_elbow_roll", 
                    "value": 557
                }, 
                {
                    "device": "right_thigh_roll", 
                    "value": -39
                }, 
                {
                    "device": "right_thigh_pitch", 
                    "value": 0
                }, 
                {
                    "device": "right_knee_pitch", 
                    "value": 0
                }, 
                {
                    "device": "right_foot_pitch", 
                    "value": -13
                }, 
                {
                    "device": "right_foot_roll", 
                    "value": -46
                }
            ], 
            "transition_time_ms": 200
        }, 
        {
            "@index": 5, 
            "outputs": [
                {
                    "device": "left_shoulder_pitch", 
                    "value": 0
                }, 
                {
                    "device": "left_thigh_yaw", 
                    "value": 0
                }, 
                {
                    "device": "left_shoulder_roll", 
                    "value": -322
                }, 
                {
                    "device": "left_elbow_roll", 
                    "value": -557
                }, 
                {
                    "device": "left_thigh_roll", 
                    "value": -159
                }, 
                {
                    "device": "left_thigh_pitch", 
                    "value": 178
                }, 
                {
                    "device": "left_knee_pitch", 
                    "value": -302
                }, 
                {
                    "device": "left_foot_pitch", 
                    "value": -155
                }, 
                {
                    "device": "left_foot_roll", 
                    "value": -97
                }, 
                {
                    "device": "right_shoulder_pitch", 
                    "value": 0
                }, 
                {
                    "device": "right_thigh_yaw", 
                    "value": 0
                }, 
                {
                    "device": "right_shoulder_roll", 
                    "value": 322
                }, 
                {
                    "device": "right_elbow_roll", 
                    "value": 557
                }, 
                {
                    "device": "right_thigh_roll", 
                    "value": -19
                }, 
                {
                    "device": "right_thigh_pitch", 
                    "value": -90
                }, 
                {
                    "device": "right_knee_pitch", 
                    "value": 127
                }, 
                {
                    "device": "right_foot_pitch", 
                    "value": 50
                }, 
                {
                    "device": "right_foot_roll", 
                    "value": 60
                }
            ], 
            "transition_time_ms": 200
        }, 
        {
            "@index": 6, 
            "outputs": [
                {
                    "device": "left_shoulder_pitch", 
                    "value": 0
                }, 
                {
                    "device": "left_thigh_yaw", 
                    "value": 0
                }, 
                {
                    "device": "left_shoulder_roll", 
                    "value": -322
                }, 
                {
                    "device": "left_elbow_roll", 
                    "value": -557
                }, 
                {
                    "device": "left_thigh_roll", 
                    "value": -38
                }, 
                {
                    "device": "left_thigh_pitch", 
                    "value": 90
                }, 
                {
                    "device": "left_knee_pitch", 
                    "value": -127
                }, 
                {
                    "device": "left_foot_pitch", 
                    "value": -50
                }, 
                {
                    "device": "left_foot_roll", 
                    "value": -60
                }, 
                {
                    "device": "right_shoulder_pitch", 
                    "value": 0
                }, 
                {
                    "device": "right_thigh_yaw", 
                    "value": 0
                }, 
                {
                    "device": "right_shoulder_roll", 
                    "value": 322
                }, 
                {
                    "device": "right_elbow_roll", 
                    "value": 557
                }, 
                {
                    "device": "right_thigh_roll", 
                    "value": 38
                }, 
                {
                    "device": "right_thigh_pitch", 
                    "value": -90
                }, 
                {
                    "device": "right_knee_pitch", 
                    "value": 127
                }, 
                {
                    "device": "right_foot_pitch", 
                    "value": 50
                }, 
                {
                    "device": "right_foot_roll", 
                    "value": 60
                }
            ], 
            "transition_time_ms": 200
        }, 
        {
            "@index": 7, 
            "outputs": [
                {
                    "device": "left_shoulder_pitch", 
                    "value": 0
                }, 
                {
                    "device": "left_thigh_yaw", 
                    "value": 0
                }, 
                {
                    "device": "left_shoulder_roll", 
                    "value": -627
                }, 
                {
                    "device": "left_elbow_roll", 
                    "value": -557
                }, 
                {
                    "device": "left_thigh_roll", 
                    "value": -38
                }, 
                {
                    "device": "left_thigh_pitch", 
                    "value": 522
                }, 
                {
                    "device": "left_knee_pitch", 
                    "value": -866
                }, 
                {
                    "device": "left_foot_pitch", 
                    "value": -435
                }, 
                {
                    "device": "left_foot_roll", 
                    "value": -60
                }, 
                {
                    "device": "right_shoulder_pitch", 
                    "value": 0
                }, 
                {
                    "device": "right_thigh_yaw", 
                    "value": 0
                }, 
                {
                    "device": "right_shoulder_roll", 
                    "value": 627
                }, 
                {
                    "device": "right_elbow_roll", 
                    "value": 557
                }, 
                {
                    "device": "right_thigh_roll", 
                    "value": 38
                }, 
                {
                    "device": "right_thigh_pitch", 
                    "value": -522
                }, 
                {
                    "device": "right_knee_pitch", 
                    "value": 948
                }, 
                {
                    "device": "right_foot_pitch", 
                    "value": 500
                }, 
                {
                    "device": "right_foot_roll", 
                    "value": 60
                }
            ], 
            "transition_time_ms": 400
        }, 
        {
            "@index": 8, 
            "outputs": [
                {
                    "device": "left_shoulder_pitch", 
                    "value": 0
                }, 
                {
                    "device": "left_thigh_yaw", 
                    "value": 0
                }, 
                {
                    "device": "left_shoulder_roll", 
                    "value": -322
                }, 
                {
                    "device": "left_elbow_roll", 
                    "value": -557
                }, 
                {
                    "device": "left_thigh_roll", 
                    "value": -38
                }, 
                {
                    "device": "left_thigh_pitch", 
                    "value": 90
                }, 
                {
                    "device": "left_knee_pitch", 
                    "value": -127
                }, 
                {
                    "device": "left_foot_pitch", 
                    "value": -50
                }, 
                {
                    "device": "left_foot_roll", 
                    "value": -60
                }, 
                {
                    "device": "right_shoulder_pitch", 
                    "value": 0
                }, 
                {
                    "device": "right_thigh_yaw", 
                    "value": 0
                }, 
                {
                    "device": "right_shoulder_roll", 
                    "value": 322
                }, 
                {
                    "device": "right_elbow_roll", 
                    "value": 557
                }, 
                {
                    "device": "right_thigh_roll", 
                    "value": 38
                }, 
                {
                    "device": "right_thigh_pitch", 
                    "value": -90
                }, 
                {
                    "device": "right_knee_pitch", 
                    "value": 127
                }, 
                {
                    "device": "right_foot_pitch", 
                    "value": 50
                }, 
                {
                    "device": "right_foot_roll", 
                    "value": 60
                }
            ], 
            "transition_time_ms": 400
        }, 
        {
            "@index": 9, 
            "outputs": [
                {
                    "device": "left_shoulder_pitch", 
                    "value": 0
                }, 
                {
                    "device": "left_thigh_yaw", 
                    "value": 0
                }, 
                {
                    "device": "left_shoulder_roll", 
                    "value": -627
                }, 
                {
                    "device": "left_elbow_roll", 
                    "value": -557
                }, 
                {
                    "device": "left_thigh_roll", 
                    "value": -38
                }, 
                {
                    "device": "left_thigh_pitch", 
                    "value": 522
                }, 
                {
                    "device": "left_knee_pitch", 
                    "value": -866
                }, 
                {
                    "device": "left_foot_pitch", 
                    "value": -435
                }, 
                {
                    "device": "left_foot_roll", 
                    "value": -60
                }, 
                {
                    "device": "right_shoulder_pitch", 
                    "value": 0
                }, 
                {
                    "device": "right_thigh_yaw", 
                    "value": 0
                }, 
                {
                    "device": "right_shoulder_roll", 
                    "value": 628
                }, 
                {
                    "device": "right_elbow_roll", 
                    "value": 557
                }, 
                {
                    "device": "right_thigh_roll", 
                    "value": 38
                }, 
                {
                    "device": "right_thigh_pitch", 
                    "value": -522
                }, 
                {
                    "device": "right_knee_pitch", 
                    "value": 948
                }, 
                {
                    "device": "right_foot_pitch", 
                    "value": 500
                }, 
                {
                    "device": "right_foot_roll", 
                    "value": 60
                }
            ], 
            "transition_time_ms": 400
        }, 
        {
            "@index": 10, 
            "outputs": [
                {
                    "device": "left_shoulder_pitch", 
                    "value": 0
                }, 
                {
                    "device": "left_thigh_yaw", 
                    "value": 0
                }, 
                {
                    "device": "left_shoulder_roll", 
                    "value": -322
                }, 
                {
                    "device": "left_elbow_roll", 
                    "value": -557
                }, 
                {
                    "device": "left_thigh_roll", 
                    "value": -38
                }, 
                {
                    "device": "left_thigh_pitch", 
                    "value": 90
                }, 
                {
                    "device": "left_knee_pitch", 
                    "value": -127
                }, 
                {
                    "device": "left_foot_pitch", 
                    "value": -50
                }, 
                {
                    "device": "left_foot_roll", 
                    "value": -60
                }, 
                {
                    "device": "right_shoulder_pitch", 
                    "value": 0
                }, 
                {
                    "device": "right_thigh_yaw", 
                    "value": 0
                }, 
                {
                    "device": "right_shoulder_roll", 
                    "value": 322
                }, 
                {
                    "device": "right_elbow_roll", 
                    "value": 557
                }, 
                {
                    "device": "right_thigh_roll", 
                    "value": 38
                }, 
                {
                    "device": "right_thigh_pitch", 
                    "value": -90
                }, 
                {
                    "device": "right_knee_pitch", 
                    "value": 127
                }, 
                {
                    "device": "right_foot_pitch", 
                    "value": 50
                }, 
                {
                    "device": "right_foot_roll", 
                    "value": 60
                }
            ], 
            "transition_time_ms": 400
        }, 
        {
            "@index": 11, 
            "outputs": [
                {
                    "device": "left_shoulder_pitch", 
                    "value": 0
                }, 
                {
                    "device": "left_thigh_yaw", 
                    "value": 0
                }, 
                {
                    "device": "left_shoulder_roll", 
                    "value": -322
                }, 
                {
                    "device": "left_elbow_roll", 
                    "value": -557
                }, 
                {
                    "device": "left_thigh_roll", 
                    "value": 85
                }, 
                {
                    "device": "left_thigh_pitch", 
                    "value": 86
                }, 
                {
                    "device": "left_knee_pitch", 
                    "value": -127
                }, 
                {
                    "device": "left_foot_pitch", 
                    "value": -50
                }, 
                {
                    "device": "left_foot_roll", 
                    "value": 80
                }, 
                {
                    "device": "right_shoulder_pitch", 
                    "value": 0
                }, 
                {
                    "device": "right_thigh_yaw", 
                    "value": 0
                }, 
                {
                    "device": "right_shoulder_roll", 
                    "value": 322
                }, 
                {
                    "device": "right_elbow_roll", 
                    "value": 557
                }, 
                {
                    "device": "right_thigh_roll", 
                    "value": 182
                }, 
                {
                    "device": "right_thigh_pitch", 
                    "value": -50
                }, 
                {
                    "device": "right_knee_pitch", 
                    "value": 16
                }, 
                {
                    "device": "right_foot_pitch", 
                    "value": -45
                }, 
                {
                    "device": "right_foot_roll", 
                    "value": 204
                }
            ], 
            "transition_time_ms": 200
        }, 
        {
            "@index": 12, 
            "outputs": [
                {
                    "device": "left_shoulder_pitch", 
                    "value": 0
                }, 
                {
                    "device": "left_thigh_yaw", 
                    "value": 0
                }, 
                {
                    "device": "left_shoulder_roll", 
                    "value": -322
                }, 
                {
                    "device": "left_elbow_roll", 
                    "value": -557
                }, 
                {
                    "device": "left_thigh_roll", 
                    "value": 39
                }, 
                {
                    "device": "left_thigh_pitch", 
                    "value": 86
                }, 
                {
                    "device": "left_knee_pitch", 
                    "value": -127
                }, 
                {
                    "device": "left_foot_pitch", 
                    "value": -50
                }, 
                {
                    "device": "left_foot_roll", 
                    "value": 57
                }, 
                {
                    "device": "right_shoulder_pitch", 
                    "value": 0
                }, 
                {
                    "device": "right_thigh_yaw", 
                    "value": 0
                }, 
                {
                    "device": "right_shoulder_roll", 
                    "value": 322
                }, 
                {
                    "device": "right_elbow_roll", 
                    "value": 557
                }, 
                {
                    "device": "right_thigh_roll", 
                    "value": 39
                }, 
                {
                    "device": "right_thigh_pitch", 
                    "value": -214
                }, 
                {
                    "device": "right_knee_pitch", 
                    "value": 408
                }, 
                {
                    "device": "right_foot_pitch", 
                    "value": 194
                }, 
                {
                    "device": "right_foot_roll", 
                    "value": 97
                }
            ], 
            "transition_time_ms": 200
        }, 
        {
            "@index": 13, 
            "outputs": [
                {
                    "device": "left_shoulder_pitch", 
                    "value": 0
                }, 
                {
                    "device": "left_thigh_yaw", 
                    "value": 0
                }, 
                {
                    "device": "left_shoulder_roll", 
                    "value": -322
                }, 
                {
                    "device": "left_elbow_roll", 
                    "value": -557
                }, 
                {
                    "device": "left_thigh_roll", 
                    "value": 0
                }, 
                {
                    "device": "left_thigh_pitch", 
                    "value": 0
                }, 
                {
                    "device": "left_knee_pitch", 
                    "value": 0
                }, 
                {
                    "device": "left_foot_pitch", 
                    "value": 0
                }, 
                {
                    "device": "left_foot_roll", 
                    "value": 0
                }, 
                {
                    "device": "right_shoulder_pitch", 
                    "value": 0
                }, 
                {
                    "device": "right_thigh_yaw", 
                    "value": 0
                }, 
                {
                    "device": "right_shoulder_roll", 
                    "value": 322
                }, 
                {
                    "device": "right_elbow_roll", 
                    "value": 557
                }, 
                {
                    "device": "right_thigh_roll", 
                    "value": 0
                }, 
                {
                    "device": "right_thigh_pitch", 
                    "value": 0
                }, 
                {
                    "device": "right_knee_pitch", 
                    "value": 0
                }, 
                {
                    "device": "right_foot_pitch", 
                    "value": 0
                }, 
                {
                    "device": "right_foot_roll", 
                    "value": 0
                }
            ], 
            "transition_time_ms": 200
        }, 
        {
            "@index": 14, 
            "outputs": [
                {
                    "device": "left_shoulder_pitch", 
                    "value": 0
                }, 
                {
                    "device": "left_thigh_yaw", 
                    "value": 0
                }, 
                {
                    "device": "left_shoulder_roll", 
                    "value": 0
                }, 
                {
                    "device": "left_elbow_roll", 
                    "value": 0
                }, 
                {
                    "device": "left_thigh_roll", 
                    "value": 0
                }, 
                {
                    "device": "left_thigh_pitch", 
                    "value": 0
                }, 
                {
                    "device": "left_knee_pitch", 
                    "value": 0
                }, 
                {
                    "device": "left_foot_pitch", 
                    "value": 0
                }, 
                {
                    "device": "left_foot_roll", 
                    "value": 0
                }, 
                {
                    "device": "right_shoulder_pitch", 
                    "value": 0
                }, 
                {
                    "device": "right_thigh_yaw", 
                    "value": 0
                }, 
                {
                    "device": "right_shoulder_roll", 
                    "value": 0
                }, 
                {
                    "device": "right_elbow_roll", 
                    "value": 0
                }, 
                {
                    "device": "right_thigh_roll", 
                    "value": 0
                }, 
                {
                    "device": "right_thigh_pitch", 
                    "value": 0
                }, 
                {
                    "device": "right_knee_pitch", 
                    "value": 0
                }, 
                {
                    "device": "right_foot_pitch", 
                    "value": 0
                }, 
                {
                    "device": "right_foot_roll", 
                    "value": 0
                }
            ], 
            "transition_time_ms": 200
        }
    ], 
    "name": "Dance LStep", 
    "slot": 30
}