{
    "@frame_length": 7, 
    "@metadata": {
        "author": "PLEN Project Company Inc.", 
        "required-firmware": "1.4.1~", 
        "target": "PLEN2"
    }, 
    "codes": [], 
    "frames": [
        {
            "@index": 0, 
            "outputs": [
                {
                    "device": "left_shoulder_pitch", 
                    "value": 0
                }, 
                {
                    "device": "left_thigh_yaw", 
                    "value": 0
                }, 
                {
                    "device": "left_shoulder_roll", 
                    "value": 0
                }, 
                {
                    "device": "left_elbow_roll", 
                    "value": 0
                }, 
                {
                    "device": "left_thigh_roll", 
                    "value": 0
                }, 
                {
                    "device": "left_thigh_pitch", 
                    "value": 0
                }, 
                {
                    "device": "left_knee_pitch", 
                    "value": 0
                }, 
                {
                    "device": "left_foot_pitch", 
                    "value": 0
                }, 
                {
                    "device": "left_foot_roll", 
                    "value": 0
                }, 
                {
                    "device": "right_shoulder_pitch", 
                    "value": 0
                }, 
                {
                    "device": "right_thigh_yaw", 
                    "value": 0
                }, 
                {
                    "device": "right_shoulder_roll", 
                    "value": 0
                }, 
                {
                    "device": "right_elbow_roll", 
                    "value": 0
                }, 
                {
                    "device": "right_thigh_roll", 
                    "value": 0
                }, 
                {
                    "device": "right_thigh_pitch", 
                    "value": 0
                }, 
                {
                    "device": "right_knee_pitch", 
                    "value": 0
                }, 
                {
                    "device": "right_foot_pitch", 
                    "value": 0
                }, 
                {
                    "device": "right_foot_roll", 
                    "value": 0
                }
            ], 
            "transition_time_ms": 100
        }, 
        {
            "@index": 1, 
            "outputs": [
                {
                    "device": "left_shoulder_pitch", 
                    "value": 0
                }, 
                {
                    "device": "left_thigh_yaw", 
                    "value": 0
                }, 
                {
                    "device": "left_shoulder_roll", 
                    "value": -322
                }, 
                {
                    "device": "left_elbow_roll", 
                    "value": -557
                }, 
                {
                    "device": "left_thigh_roll", 
                    "value": 0
                }, 
                {
                    "device": "left_thigh_pitch", 
                    "value": 0
                }, 
                {
                    "device": "left_knee_pitch", 
                    "value": 0
                }, 
                {
                    "device": "left_foot_pitch", 
                    "value": 0
                }, 
                {
                    "device": "left_foot_roll", 
                    "value": 0
                }, 
                {
                    "device": "right_shoulder_pitch", 
                    "value": 0
                }, 
                {
                    "device": "right_thigh_yaw", 
                    "value": 0
                }, 
                {
                    "device": "right_shoulder_roll", 
                    "value": 322
                }, 
                {
                    "device": "right_elbow_roll", 
                    "value": 557
                }, 
                {
                    "device": "right_thigh_roll", 
                    "value": 0
                }, 
                {
                    "device": "right_thigh_pitch", 
                    "value": 0
                }, 
                {
                    "device": "right_knee_pitch", 
                    "value": 0
                }, 
                {
                    "device": "right_foot_pitch", 
                    "value": 0
                }, 
                {
                    "device": "right_foot_roll", 
                    "value": 0
                }
            ], 
            "transition_time_ms": 600
        }, 
        {
            "@index": 2, 
            "outputs": [
                {
                    "device": "left_shoulder_pitch", 
                    "value": 0
                }, 
                {
                    "device": "left_thigh_yaw", 
                    "value": 0
                }, 
                {
                    "device": "left_shoulder_roll", 
                    "value": -322
                }, 
                {
                    "device": "left_elbow_roll", 
                    "value": -557
                }, 
                {
                    "device": "left_thigh_roll", 
                    "value": 0
                }, 
                {
                    "device": "left_thigh_pitch", 
                    "value": 0
                }, 
                {
                    "device": "left_knee_pitch", 
                    "value": 0
                }, 
                {
                    "device": "left_foot_pitch", 
                    "value": 0
                }, 
                {
                    "device": "left_foot_roll", 
                    "value": 0
                }, 
                {
                    "device": "right_shoulder_pitch", 
                    "value": 0
                }, 
                {
                    "device": "right_thigh_yaw", 
                    "value": 0
                }, 
                {
                    "device": "right_shoulder_roll", 
                    "value": 322
                }, 
                {
                    "device": "right_elbow_roll", 
                    "value": 557
                }, 
                {
                    "device": "right_thigh_roll", 
                    "value": 0
                }, 
                {
                    "device": "right_thigh_pitch", 
                    "value": 0
                }, 
                {
                    "device": "right_knee_pitch", 
                    "value": 0
                }, 
                {
                    "device": "right_foot_pitch", 
                    "value": 0
                }, 
                {
                    "device": "right_foot_roll", 
                    "value": 0
                }
            ], 
            "transition_time_ms": 600
        }, 
        {
            "@index": 3, 
            "outputs": [
                {
                    "device": "left_shoulder_pitch", 
                    "value": 0
                }, 
                {
                    "device": "left_thigh_yaw", 
                    "value": 0
                }, 
                {
                    "device": "left_shoulder_roll", 
                    "value": -774
                }, 
                {
                    "device": "left_elbow_roll", 
                    "value": 647
                }, 
                {
                    "device": "left_thigh_roll", 
                    "value": 2
                }, 
                {
                    "device": "left_thigh_pitch", 
                    "value": 0
                }, 
                {
                    "device": "left_knee_pitch", 
                    "value": 0
                }, 
                {
                    "device": "left_foot_pitch", 
                    "value": 0
                }, 
                {
                    "device": "left_foot_roll", 
                    "value": -5
                }, 
                {
                    "device": "right_shoulder_pitch", 
                    "value": 0
                }, 
                {
                    "device": "right_thigh_yaw", 
                    "value": 0
                }, 
                {
                    "device": "right_shoulder_roll", 
                    "value": 322
                }, 
                {
                    "device": "right_elbow_roll", 
                    "value": 557
                }, 
                {
                    "device": "right_thigh_roll", 
                    "value": 7
                }, 
                {
                    "device": "right_thigh_pitch", 
                    "value": 0
                }, 
                {
                    "device": "right_knee_pitch", 
                    "value": 0
                }, 
                {
                    "device": "right_foot_pitch", 
                    "value": 0
                }, 
                {
                    "device": "right_foot_roll", 
                    "value": -24
                }
            ], 
            "transition_time_ms": 1000
        }, 
        {
            "@index": 4, 
            "outputs": [
                {
                    "device": "left_shoulder_pitch", 
                    "value": 0
                }, 
                {
                    "device": "left_thigh_yaw", 
                    "value": 0
                }, 
                {
                    "device": "left_shoulder_roll", 
                    "value": -643
                }, 
                {
                    "device": "left_elbow_roll", 
                    "value": 569
                }, 
                {
                    "device": "left_thigh_roll", 
                    "value": 196
                }, 
                {
                    "device": "left_thigh_pitch", 
                    "value": 0
                }, 
                {
                    "device": "left_knee_pitch", 
                    "value": 0
                }, 
                {
                    "device": "left_foot_pitch", 
                    "value": 0
                }, 
                {
                    "device": "left_foot_roll", 
                    "value": 189
                }, 
                {
                    "device": "right_shoulder_pitch", 
                    "value": 0
                }, 
                {
                    "device": "right_thigh_yaw", 
                    "value": 0
                }, 
                {
                    "device": "right_shoulder_roll", 
                    "value": 322
                }, 
                {
                    "device": "right_elbow_roll", 
                    "value": 557
                }, 
                {
                    "device": "right_thigh_roll", 
                    "value": 216
                }, 
                {
                    "device": "right_thigh_pitch", 
                    "value": 0
                }, 
                {
                    "device": "right_knee_pitch", 
                    "value": 0
                }, 
                {
                    "device": "right_foot_pitch", 
                    "value": 0
                }, 
                {
                    "device": "right_foot_roll", 
                    "value": 194
                }
            ], 
            "transition_time_ms": 1000
        }, 
        {
            "@index": 5, 
            "outputs": [
                {
                    "device": "left_shoulder_pitch", 
                    "value": 0
                }, 
                {
                    "device": "left_thigh_yaw", 
                    "value": 0
                }, 
                {
                    "device": "left_shoulder_roll", 
                    "value": -643
                }, 
                {
                    "device": "left_elbow_roll", 
                    "value": 569
                }, 
                {
                    "device": "left_thigh_roll", 
                    "value": 196
                }, 
                {
                    "device": "left_thigh_pitch", 
                    "value": 0
                }, 
                {
                    "device": "left_knee_pitch", 
                    "value": 0
                }, 
                {
                    "device": "left_foot_pitch", 
                    "value": 0
                }, 
                {
                    "device": "left_foot_roll", 
                    "value": 189
                }, 
                {
                    "device": "right_shoulder_pitch", 
                    "value": 0
                }, 
                {
                    "device": "right_thigh_yaw", 
                    "value": 0
                }, 
                {
                    "device": "right_shoulder_roll", 
                    "value": 322
                }, 
                {
                    "device": "right_elbow_roll", 
                    "value": 557
                }, 
                {
                    "device": "right_thigh_roll", 
                    "value": 216
                }, 
                {
                    "device": "right_thigh_pitch", 
                    "value": 0
                }, 
                {
                    "device": "right_knee_pitch", 
                    "value": 0
                }, 
                {
                    "device": "right_foot_pitch", 
                    "value": 0
                }, 
                {
                    "device": "right_foot_roll", 
                    "value": 194
                }
            ], 
            "transition_time_ms": 1600
        }, 
        {
            "@index": 6, 
            "outputs": [
                {
                    "device": "left_shoulder_pitch", 
                    "value": 0
                }, 
                {
                    "device": "left_thigh_yaw", 
                    "value": 0
                }, 
                {
                    "device": "left_shoulder_roll", 
                    "value": 0
                }, 
                {
                    "device": "left_elbow_roll", 
                    "value": 0
                }, 
                {
                    "device": "left_thigh_roll", 
                    "value": 0
                }, 
                {
                    "device": "left_thigh_pitch", 
                    "value": 0
                }, 
                {
                    "device": "left_knee_pitch", 
                    "value": 0
                }, 
                {
                    "device": "left_foot_pitch", 
                    "value": 0
                }, 
                {
                    "device": "left_foot_roll", 
                    "value": 0
                }, 
                {
                    "device": "right_shoulder_pitch", 
                    "value": 0
                }, 
                {
                    "device": "right_thigh_yaw", 
                    "value": 0
                }, 
                {
                    "device": "right_shoulder_roll", 
                    "value": 0
                }, 
                {
                    "device": "right_elbow_roll", 
                    "value": 0
                }, 
                {
                    "device": "right_thigh_roll", 
                    "value": 0
                }, 
                {
                    "device": "right_thigh_pitch", 
                    "value": 0
                }, 
                {
                    "device": "right_knee_pitch", 
                    "value": 0
                }, 
                {
                    "device": "right_foot_pitch", 
                    "value": 0
                }, 
                {
                    "device": "right_foot_roll", 
                    "value": 0
                }
            ], 
            "transition_time_ms": 1000
        }
    ], 
    "name": "Dance Finish Pose", 
    "slot": 33
}