{
    "@frame_length": 20, 
    "@metadata": {
        "author": "PLEN Project Company Inc.", 
        "required-firmware": "1.4.1~", 
        "target": "PLEN2"
    }, 
    "codes": [], 
    "frames": [
        {
            "@index": 0, 
            "outputs": [
                {
                    "device": "left_shoulder_pitch", 
                    "value": 0
                }, 
                {
                    "device": "left_thigh_yaw", 
                    "value": 0
                }, 
                {
                    "device": "left_shoulder_roll", 
                    "value": 0
                }, 
                {
                    "device": "left_elbow_roll", 
                    "value": 0
                }, 
                {
                    "device": "left_thigh_roll", 
                    "value": 0
                }, 
                {
                    "device": "left_thigh_pitch", 
                    "value": 0
                }, 
                {
                    "device": "left_knee_pitch", 
                    "value": 0
                }, 
                {
                    "device": "left_foot_pitch", 
                    "value": 0
                }, 
                {
                    "device": "left_foot_roll", 
                    "value": 0
                }, 
                {
                    "device": "right_shoulder_pitch", 
                    "value": 0
                }, 
                {
                    "device": "right_thigh_yaw", 
                    "value": 0
                }, 
                {
                    "device": "right_shoulder_roll", 
                    "value": 0
                }, 
                {
                    "device": "right_elbow_roll", 
                    "value": 0
                }, 
                {
                    "device": "right_thigh_roll", 
                    "value": 0
                }, 
                {
                    "device": "right_thigh_pitch", 
                    "value": 0
                }, 
                {
                    "device": "right_knee_pitch", 
                    "value": 0
                }, 
                {
                    "device": "right_foot_pitch", 
                    "value": 0
                }, 
                {
                    "device": "right_foot_roll", 
                    "value": 0
                }
            ], 
            "transition_time_ms": 100
        }, 
        {
            "@index": 1, 
            "outputs": [
                {
                    "device": "left_shoulder_pitch", 
                    "value": 0
                }, 
                {
                    "device": "left_thigh_yaw", 
                    "value": 0
                }, 
                {
                    "device": "left_shoulder_roll", 
                    "value": -322
                }, 
                {
                    "device": "left_elbow_roll", 
                    "value": -557
                }, 
                {
                    "device": "left_thigh_roll", 
                    "value": -116
                }, 
                {
                    "device": "left_thigh_pitch", 
                    "value": 0
                }, 
                {
                    "device": "left_knee_pitch", 
                    "value": 0
                }, 
                {
                    "device": "left_foot_pitch", 
                    "value": 0
                }, 
                {
                    "device": "left_foot_roll", 
                    "value": -94
                }, 
                {
                    "device": "right_shoulder_pitch", 
                    "value": 0
                }, 
                {
                    "device": "right_thigh_yaw", 
                    "value": 0
                }, 
                {
                    "device": "right_shoulder_roll", 
                    "value": 322
                }, 
                {
                    "device": "right_elbow_roll", 
                    "value": 557
                }, 
                {
                    "device": "right_thigh_roll", 
                    "value": -116
                }, 
                {
                    "device": "right_thigh_pitch", 
                    "value": 0
                }, 
                {
                    "device": "right_knee_pitch", 
                    "value": 0
                }, 
                {
                    "device": "right_foot_pitch", 
                    "value": 0
                }, 
                {
                    "device": "right_foot_roll", 
                    "value": -94
                }
            ], 
            "transition_time_ms": 600
        }, 
        {
            "@index": 2, 
            "outputs": [
                {
                    "device": "left_shoulder_pitch", 
                    "value": 0
                }, 
                {
                    "device": "left_thigh_yaw", 
                    "value": 0
                }, 
                {
                    "device": "left_shoulder_roll", 
                    "value": -322
                }, 
                {
                    "device": "left_elbow_roll", 
                    "value": -557
                }, 
                {
                    "device": "left_thigh_roll", 
                    "value": 116
                }, 
                {
                    "device": "left_thigh_pitch", 
                    "value": 0
                }, 
                {
                    "device": "left_knee_pitch", 
                    "value": 0
                }, 
                {
                    "device": "left_foot_pitch", 
                    "value": 0
                }, 
                {
                    "device": "left_foot_roll", 
                    "value": 94
                }, 
                {
                    "device": "right_shoulder_pitch", 
                    "value": 0
                }, 
                {
                    "device": "right_thigh_yaw", 
                    "value": 0
                }, 
                {
                    "device": "right_shoulder_roll", 
                    "value": 322
                }, 
                {
                    "device": "right_elbow_roll", 
                    "value": 557
                }, 
                {
                    "device": "right_thigh_roll", 
                    "value": 116
                }, 
                {
                    "device": "right_thigh_pitch", 
                    "value": 0
                }, 
                {
                    "device": "right_knee_pitch", 
                    "value": 0
                }, 
                {
                    "device": "right_foot_pitch", 
                    "value": 0
                }, 
                {
                    "device": "right_foot_roll", 
                    "value": 94
                }
            ], 
            "transition_time_ms": 600
        }, 
        {
            "@index": 3, 
            "outputs": [
                {
                    "device": "left_shoulder_pitch", 
                    "value": 0
                }, 
                {
                    "device": "left_thigh_yaw", 
                    "value": 0
                }, 
                {
                    "device": "left_shoulder_roll", 
                    "value": -322
                }, 
                {
                    "device": "left_elbow_roll", 
                    "value": -557
                }, 
                {
                    "device": "left_thigh_roll", 
                    "value": -116
                }, 
                {
                    "device": "left_thigh_pitch", 
                    "value": 0
                }, 
                {
                    "device": "left_knee_pitch", 
                    "value": 0
                }, 
                {
                    "device": "left_foot_pitch", 
                    "value": 0
                }, 
                {
                    "device": "left_foot_roll", 
                    "value": -94
                }, 
                {
                    "device": "right_shoulder_pitch", 
                    "value": 0
                }, 
                {
                    "device": "right_thigh_yaw", 
                    "value": 0
                }, 
                {
                    "device": "right_shoulder_roll", 
                    "value": 322
                }, 
                {
                    "device": "right_elbow_roll", 
                    "value": 557
                }, 
                {
                    "device": "right_thigh_roll", 
                    "value": -116
                }, 
                {
                    "device": "right_thigh_pitch", 
                    "value": 0
                }, 
                {
                    "device": "right_knee_pitch", 
                    "value": 0
                }, 
                {
                    "device": "right_foot_pitch", 
                    "value": 0
                }, 
                {
                    "device": "right_foot_roll", 
                    "value": -94
                }
            ], 
            "transition_time_ms": 600
        }, 
        {
            "@index": 4, 
            "outputs": [
                {
                    "device": "left_shoulder_pitch", 
                    "value": 0
                }, 
                {
                    "device": "left_thigh_yaw", 
                    "value": 0
                }, 
                {
                    "device": "left_shoulder_roll", 
                    "value": -322
                }, 
                {
                    "device": "left_elbow_roll", 
                    "value": -557
                }, 
                {
                    "device": "left_thigh_roll", 
                    "value": 116
                }, 
                {
                    "device": "left_thigh_pitch", 
                    "value": 0
                }, 
                {
                    "device": "left_knee_pitch", 
                    "value": 0
                }, 
                {
                    "device": "left_foot_pitch", 
                    "value": 0
                }, 
                {
                    "device": "left_foot_roll", 
                    "value": 94
                }, 
                {
                    "device": "right_shoulder_pitch", 
                    "value": 0
                }, 
                {
                    "device": "right_thigh_yaw", 
                    "value": 0
                }, 
                {
                    "device": "right_shoulder_roll", 
                    "value": 322
                }, 
                {
                    "device": "right_elbow_roll", 
                    "value": 557
                }, 
                {
                    "device": "right_thigh_roll", 
                    "value": 116
                }, 
                {
                    "device": "right_thigh_pitch", 
                    "value": 0
                }, 
                {
                    "device": "right_knee_pitch", 
                    "value": 0
                }, 
                {
                    "device": "right_foot_pitch", 
                    "value": 0
                }, 
                {
                    "device": "right_foot_roll", 
                    "value": 94
                }
            ], 
            "transition_time_ms": 600
        }, 
        {
            "@index": 5, 
            "outputs": [
                {
                    "device": "left_shoulder_pitch", 
                    "value": 0
                }, 
                {
                    "device": "left_thigh_yaw", 
                    "value": 0
                }, 
                {
                    "device": "left_shoulder_roll", 
                    "value": -322
                }, 
                {
                    "device": "left_elbow_roll", 
                    "value": -557
                }, 
                {
                    "device": "left_thigh_roll", 
                    "value": -116
                }, 
                {
                    "device": "left_thigh_pitch", 
                    "value": 0
                }, 
                {
                    "device": "left_knee_pitch", 
                    "value": 0
                }, 
                {
                    "device": "left_foot_pitch", 
                    "value": 0
                }, 
                {
                    "device": "left_foot_roll", 
                    "value": -94
                }, 
                {
                    "device": "right_shoulder_pitch", 
                    "value": 0
                }, 
                {
                    "device": "right_thigh_yaw", 
                    "value": 0
                }, 
                {
                    "device": "right_shoulder_roll", 
                    "value": 322
                }, 
                {
                    "device": "right_elbow_roll", 
                    "value": 557
                }, 
                {
                    "device": "right_thigh_roll", 
                    "value": -116
                }, 
                {
                    "device": "right_thigh_pitch", 
                    "value": 0
                }, 
                {
                    "device": "right_knee_pitch", 
                    "value": 0
                }, 
                {
                    "device": "right_foot_pitch", 
                    "value": 0
                }, 
                {
                    "device": "right_foot_roll", 
                    "value": -94
                }
            ], 
            "transition_time_ms": 600
        }, 
        {
            "@index": 6, 
            "outputs": [
                {
                    "device": "left_shoulder_pitch", 
                    "value": 0
                }, 
                {
                    "device": "left_thigh_yaw", 
                    "value": 0
                }, 
                {
                    "device": "left_shoulder_roll", 
                    "value": -322
                }, 
                {
                    "device": "left_elbow_roll", 
                    "value": -557
                }, 
                {
                    "device": "left_thigh_roll", 
                    "value": 116
                }, 
                {
                    "device": "left_thigh_pitch", 
                    "value": 0
                }, 
                {
                    "device": "left_knee_pitch", 
                    "value": 0
                }, 
                {
                    "device": "left_foot_pitch", 
                    "value": 0
                }, 
                {
                    "device": "left_foot_roll", 
                    "value": 94
                }, 
                {
                    "device": "right_shoulder_pitch", 
                    "value": 0
                }, 
                {
                    "device": "right_thigh_yaw", 
                    "value": 0
                }, 
                {
                    "device": "right_shoulder_roll", 
                    "value": 322
                }, 
                {
                    "device": "right_elbow_roll", 
                    "value": 557
                }, 
                {
                    "device": "right_thigh_roll", 
                    "value": 116
                }, 
                {
                    "device": "right_thigh_pitch", 
                    "value": 0
                }, 
                {
                    "device": "right_knee_pitch", 
                    "value": 0
                }, 
                {
                    "device": "right_foot_pitch", 
                    "value": 0
                }, 
                {
                    "device": "right_foot_roll", 
                    "value": 94
                }
            ], 
            "transition_time_ms": 600
        }, 
        {
            "@index": 7, 
            "outputs": [
                {
                    "device": "left_shoulder_pitch", 
                    "value": 0
                }, 
                {
                    "device": "left_thigh_yaw", 
                    "value": 0
                }, 
                {
                    "device": "left_shoulder_roll", 
                    "value": -322
                }, 
                {
                    "device": "left_elbow_roll", 
                    "value": -557
                }, 
                {
                    "device": "left_thigh_roll", 
                    "value": -116
                }, 
                {
                    "device": "left_thigh_pitch", 
                    "value": 0
                }, 
                {
                    "device": "left_knee_pitch", 
                    "value": 0
                }, 
                {
                    "device": "left_foot_pitch", 
                    "value": 0
                }, 
                {
                    "device": "left_foot_roll", 
                    "value": -94
                }, 
                {
                    "device": "right_shoulder_pitch", 
                    "value": 0
                }, 
                {
                    "device": "right_thigh_yaw", 
                    "value": 0
                }, 
                {
                    "device": "right_shoulder_roll", 
                    "value": 322
                }, 
                {
                    "device": "right_elbow_roll", 
                    "value": 557
                }, 
                {
                    "device": "right_thigh_roll", 
                    "value": -116
                }, 
                {
                    "device": "right_thigh_pitch", 
                    "value": 0
                }, 
                {
                    "device": "right_knee_pitch", 
                    "value": 0
                }, 
                {
                    "device": "right_foot_pitch", 
                    "value": 0
                }, 
                {
                    "device": "right_foot_roll", 
                    "value": -94
                }
            ], 
            "transition_time_ms": 600
        }, 
        {
            "@index": 8, 
            "outputs": [
                {
                    "device": "left_shoulder_pitch", 
                    "value": 0
                }, 
                {
                    "device": "left_thigh_yaw", 
                    "value": 0
                }, 
                {
                    "device": "left_shoulder_roll", 
                    "value": -322
                }, 
                {
                    "device": "left_elbow_roll", 
                    "value": -557
                }, 
                {
                    "device": "left_thigh_roll", 
                    "value": 116
                }, 
                {
                    "device": "left_thigh_pitch", 
                    "value": 0
                }, 
                {
                    "device": "left_knee_pitch", 
                    "value": 0
                }, 
                {
                    "device": "left_foot_pitch", 
                    "value": 0
                }, 
                {
                    "device": "left_foot_roll", 
                    "value": 94
                }, 
                {
                    "device": "right_shoulder_pitch", 
                    "value": 0
                }, 
                {
                    "device": "right_thigh_yaw", 
                    "value": 0
                }, 
                {
                    "device": "right_shoulder_roll", 
                    "value": 322
                }, 
                {
                    "device": "right_elbow_roll", 
                    "value": 557
                }, 
                {
                    "device": "right_thigh_roll", 
                    "value": 116
                }, 
                {
                    "device": "right_thigh_pitch", 
                    "value": 0
                }, 
                {
                    "device": "right_knee_pitch", 
                    "value": 0
                }, 
                {
                    "device": "right_foot_pitch", 
                    "value": 0
                }, 
                {
                    "device": "right_foot_roll", 
                    "value": 94
                }
            ], 
            "transition_time_ms": 600
        }, 
        {
            "@index": 9, 
            "outputs": [
                {
                    "device": "left_shoulder_pitch", 
                    "value": 0
                }, 
                {
                    "device": "left_thigh_yaw", 
                    "value": 0
                }, 
                {
                    "device": "left_shoulder_roll", 
                    "value": -322
                }, 
                {
                    "device": "left_elbow_roll", 
                    "value": -557
                }, 
                {
                    "device": "left_thigh_roll", 
                    "value": -116
                }, 
                {
                    "device": "left_thigh_pitch", 
                    "value": 0
                }, 
                {
                    "device": "left_knee_pitch", 
                    "value": 0
                }, 
                {
                    "device": "left_foot_pitch", 
                    "value": 0
                }, 
                {
                    "device": "left_foot_roll", 
                    "value": -94
                }, 
                {
                    "device": "right_shoulder_pitch", 
                    "value": 0
                }, 
                {
                    "device": "right_thigh_yaw", 
                    "value": 0
                }, 
                {
                    "device": "right_shoulder_roll", 
                    "value": 322
                }, 
                {
                    "device": "right_elbow_roll", 
                    "value": 557
                }, 
                {
                    "device": "right_thigh_roll", 
                    "value": -116
                }, 
                {
                    "device": "right_thigh_pitch", 
                    "value": 0
                }, 
                {
                    "device": "right_knee_pitch", 
                    "value": 0
                }, 
                {
                    "device": "right_foot_pitch", 
                    "value": 0
                }, 
                {
                    "device": "right_foot_roll", 
                    "value": -94
                }
            ], 
            "transition_time_ms": 600
        }, 
        {
            "@index": 10, 
            "outputs": [
                {
                    "device": "left_shoulder_pitch", 
                    "value": 0
                }, 
                {
                    "device": "left_thigh_yaw", 
                    "value": 0
                }, 
                {
                    "device": "left_shoulder_roll", 
                    "value": -643
                }, 
                {
                    "device": "left_elbow_roll", 
                    "value": 569
                }, 
                {
                    "device": "left_thigh_roll", 
                    "value": 116
                }, 
                {
                    "device": "left_thigh_pitch", 
                    "value": 0
                }, 
                {
                    "device": "left_knee_pitch", 
                    "value": 0
                }, 
                {
                    "device": "left_foot_pitch", 
                    "value": 0
                }, 
                {
                    "device": "left_foot_roll", 
                    "value": 94
                }, 
                {
                    "device": "right_shoulder_pitch", 
                    "value": 0
                }, 
                {
                    "device": "right_thigh_yaw", 
                    "value": 0
                }, 
                {
                    "device": "right_shoulder_roll", 
                    "value": 322
                }, 
                {
                    "device": "right_elbow_roll", 
                    "value": 557
                }, 
                {
                    "device": "right_thigh_roll", 
                    "value": 116
                }, 
                {
                    "device": "right_thigh_pitch", 
                    "value": 0
                }, 
                {
                    "device": "right_knee_pitch", 
                    "value": 0
                }, 
                {
                    "device": "right_foot_pitch", 
                    "value": 0
                }, 
                {
                    "device": "right_foot_roll", 
                    "value": 94
                }
            ], 
            "transition_time_ms": 600
        }, 
        {
            "@index": 11, 
            "outputs": [
                {
                    "device": "left_shoulder_pitch", 
                    "value": 0
                }, 
                {
                    "device": "left_thigh_yaw", 
                    "value": 0
                }, 
                {
                    "device": "left_shoulder_roll", 
                    "value": -322
                }, 
                {
                    "device": "left_elbow_roll", 
                    "value": -557
                }, 
                {
                    "device": "left_thigh_roll", 
                    "value": -109
                }, 
                {
                    "device": "left_thigh_pitch", 
                    "value": -177
                }, 
                {
                    "device": "left_knee_pitch", 
                    "value": 0
                }, 
                {
                    "device": "left_foot_pitch", 
                    "value": -120
                }, 
                {
                    "device": "left_foot_roll", 
                    "value": -103
                }, 
                {
                    "device": "right_shoulder_pitch", 
                    "value": 0
                }, 
                {
                    "device": "right_thigh_yaw", 
                    "value": 0
                }, 
                {
                    "device": "right_shoulder_roll", 
                    "value": 322
                }, 
                {
                    "device": "right_elbow_roll", 
                    "value": 557
                }, 
                {
                    "device": "right_thigh_roll", 
                    "value": -99
                }, 
                {
                    "device": "right_thigh_pitch", 
                    "value": 157
                }, 
                {
                    "device": "right_knee_pitch", 
                    "value": 0
                }, 
                {
                    "device": "right_foot_pitch", 
                    "value": 131
                }, 
                {
                    "device": "right_foot_roll", 
                    "value": -84
                }
            ], 
            "transition_time_ms": 580
        }, 
        {
            "@index": 12, 
            "outputs": [
                {
                    "device": "left_shoulder_pitch", 
                    "value": 0
                }, 
                {
                    "device": "left_thigh_yaw", 
                    "value": 0
                }, 
                {
                    "device": "left_shoulder_roll", 
                    "value": -322
                }, 
                {
                    "device": "left_elbow_roll", 
                    "value": -557
                }, 
                {
                    "device": "left_thigh_roll", 
                    "value": -109
                }, 
                {
                    "device": "left_thigh_pitch", 
                    "value": 119
                }, 
                {
                    "device": "left_knee_pitch", 
                    "value": 0
                }, 
                {
                    "device": "left_foot_pitch", 
                    "value": 81
                }, 
                {
                    "device": "left_foot_roll", 
                    "value": -81
                }, 
                {
                    "device": "right_shoulder_pitch", 
                    "value": 0
                }, 
                {
                    "device": "right_thigh_yaw", 
                    "value": 0
                }, 
                {
                    "device": "right_shoulder_roll", 
                    "value": 322
                }, 
                {
                    "device": "right_elbow_roll", 
                    "value": 557
                }, 
                {
                    "device": "right_thigh_roll", 
                    "value": -99
                }, 
                {
                    "device": "right_thigh_pitch", 
                    "value": -139
                }, 
                {
                    "device": "right_knee_pitch", 
                    "value": 0
                }, 
                {
                    "device": "right_foot_pitch", 
                    "value": -95
                }, 
                {
                    "device": "right_foot_roll", 
                    "value": -84
                }
            ], 
            "transition_time_ms": 580
        }, 
        {
            "@index": 13, 
            "outputs": [
                {
                    "device": "left_shoulder_pitch", 
                    "value": 0
                }, 
                {
                    "device": "left_thigh_yaw", 
                    "value": 0
                }, 
                {
                    "device": "left_shoulder_roll", 
                    "value": -322
                }, 
                {
                    "device": "left_elbow_roll", 
                    "value": -557
                }, 
                {
                    "device": "left_thigh_roll", 
                    "value": 114
                }, 
                {
                    "device": "left_thigh_pitch", 
                    "value": 119
                }, 
                {
                    "device": "left_knee_pitch", 
                    "value": 0
                }, 
                {
                    "device": "left_foot_pitch", 
                    "value": 81
                }, 
                {
                    "device": "left_foot_roll", 
                    "value": 101
                }, 
                {
                    "device": "right_shoulder_pitch", 
                    "value": 0
                }, 
                {
                    "device": "right_thigh_yaw", 
                    "value": 0
                }, 
                {
                    "device": "right_shoulder_roll", 
                    "value": 322
                }, 
                {
                    "device": "right_elbow_roll", 
                    "value": 557
                }, 
                {
                    "device": "right_thigh_roll", 
                    "value": 110
                }, 
                {
                    "device": "right_thigh_pitch", 
                    "value": -139
                }, 
                {
                    "device": "right_knee_pitch", 
                    "value": 0
                }, 
                {
                    "device": "right_foot_pitch", 
                    "value": -95
                }, 
                {
                    "device": "right_foot_roll", 
                    "value": 125
                }
            ], 
            "transition_time_ms": 580
        }, 
        {
            "@index": 14, 
            "outputs": [
                {
                    "device": "left_shoulder_pitch", 
                    "value": 0
                }, 
                {
                    "device": "left_thigh_yaw", 
                    "value": 0
                }, 
                {
                    "device": "left_shoulder_roll", 
                    "value": -322
                }, 
                {
                    "device": "left_elbow_roll", 
                    "value": -557
                }, 
                {
                    "device": "left_thigh_roll", 
                    "value": 114
                }, 
                {
                    "device": "left_thigh_pitch", 
                    "value": -177
                }, 
                {
                    "device": "left_knee_pitch", 
                    "value": 0
                }, 
                {
                    "device": "left_foot_pitch", 
                    "value": -120
                }, 
                {
                    "device": "left_foot_roll", 
                    "value": 101
                }, 
                {
                    "device": "right_shoulder_pitch", 
                    "value": 0
                }, 
                {
                    "device": "right_thigh_yaw", 
                    "value": 0
                }, 
                {
                    "device": "right_shoulder_roll", 
                    "value": 322
                }, 
                {
                    "device": "right_elbow_roll", 
                    "value": 557
                }, 
                {
                    "device": "right_thigh_roll", 
                    "value": 110
                }, 
                {
                    "device": "right_thigh_pitch", 
                    "value": 157
                }, 
                {
                    "device": "right_knee_pitch", 
                    "value": 0
                }, 
                {
                    "device": "right_foot_pitch", 
                    "value": 131
                }, 
                {
                    "device": "right_foot_roll", 
                    "value": 125
                }
            ], 
            "transition_time_ms": 580
        }, 
        {
            "@index": 15, 
            "outputs": [
                {
                    "device": "left_shoulder_pitch", 
                    "value": 0
                }, 
                {
                    "device": "left_thigh_yaw", 
                    "value": 0
                }, 
                {
                    "device": "left_shoulder_roll", 
                    "value": -747
                }, 
                {
                    "device": "left_elbow_roll", 
                    "value": 308
                }, 
                {
                    "device": "left_thigh_roll", 
                    "value": -109
                }, 
                {
                    "device": "left_thigh_pitch", 
                    "value": -177
                }, 
                {
                    "device": "left_knee_pitch", 
                    "value": 0
                }, 
                {
                    "device": "left_foot_pitch", 
                    "value": -120
                }, 
                {
                    "device": "left_foot_roll", 
                    "value": -103
                }, 
                {
                    "device": "right_shoulder_pitch", 
                    "value": 0
                }, 
                {
                    "device": "right_thigh_yaw", 
                    "value": 0
                }, 
                {
                    "device": "right_shoulder_roll", 
                    "value": 324
                }, 
                {
                    "device": "right_elbow_roll", 
                    "value": -56
                }, 
                {
                    "device": "right_thigh_roll", 
                    "value": -99
                }, 
                {
                    "device": "right_thigh_pitch", 
                    "value": 157
                }, 
                {
                    "device": "right_knee_pitch", 
                    "value": 0
                }, 
                {
                    "device": "right_foot_pitch", 
                    "value": 131
                }, 
                {
                    "device": "right_foot_roll", 
                    "value": -84
                }
            ], 
            "transition_time_ms": 580
        }, 
        {
            "@index": 16, 
            "outputs": [
                {
                    "device": "left_shoulder_pitch", 
                    "value": 0
                }, 
                {
                    "device": "left_thigh_yaw", 
                    "value": 0
                }, 
                {
                    "device": "left_shoulder_roll", 
                    "value": -278
                }, 
                {
                    "device": "left_elbow_roll", 
                    "value": 99
                }, 
                {
                    "device": "left_thigh_roll", 
                    "value": -109
                }, 
                {
                    "device": "left_thigh_pitch", 
                    "value": 119
                }, 
                {
                    "device": "left_knee_pitch", 
                    "value": 0
                }, 
                {
                    "device": "left_foot_pitch", 
                    "value": 81
                }, 
                {
                    "device": "left_foot_roll", 
                    "value": -81
                }, 
                {
                    "device": "right_shoulder_pitch", 
                    "value": 0
                }, 
                {
                    "device": "right_thigh_yaw", 
                    "value": 0
                }, 
                {
                    "device": "right_shoulder_roll", 
                    "value": 768
                }, 
                {
                    "device": "right_elbow_roll", 
                    "value": -317
                }, 
                {
                    "device": "right_thigh_roll", 
                    "value": -99
                }, 
                {
                    "device": "right_thigh_pitch", 
                    "value": -139
                }, 
                {
                    "device": "right_knee_pitch", 
                    "value": 0
                }, 
                {
                    "device": "right_foot_pitch", 
                    "value": -95
                }, 
                {
                    "device": "right_foot_roll", 
                    "value": -84
                }
            ], 
            "transition_time_ms": 580
        }, 
        {
            "@index": 17, 
            "outputs": [
                {
                    "device": "left_shoulder_pitch", 
                    "value": 0
                }, 
                {
                    "device": "left_thigh_yaw", 
                    "value": 0
                }, 
                {
                    "device": "left_shoulder_roll", 
                    "value": -747
                }, 
                {
                    "device": "left_elbow_roll", 
                    "value": 308
                }, 
                {
                    "device": "left_thigh_roll", 
                    "value": 114
                }, 
                {
                    "device": "left_thigh_pitch", 
                    "value": 119
                }, 
                {
                    "device": "left_knee_pitch", 
                    "value": 0
                }, 
                {
                    "device": "left_foot_pitch", 
                    "value": 81
                }, 
                {
                    "device": "left_foot_roll", 
                    "value": 101
                }, 
                {
                    "device": "right_shoulder_pitch", 
                    "value": 0
                }, 
                {
                    "device": "right_thigh_yaw", 
                    "value": 0
                }, 
                {
                    "device": "right_shoulder_roll", 
                    "value": 324
                }, 
                {
                    "device": "right_elbow_roll", 
                    "value": -56
                }, 
                {
                    "device": "right_thigh_roll", 
                    "value": 110
                }, 
                {
                    "device": "right_thigh_pitch", 
                    "value": -139
                }, 
                {
                    "device": "right_knee_pitch", 
                    "value": 0
                }, 
                {
                    "device": "right_foot_pitch", 
                    "value": -95
                }, 
                {
                    "device": "right_foot_roll", 
                    "value": 125
                }
            ], 
            "transition_time_ms": 580
        }, 
        {
            "@index": 18, 
            "outputs": [
                {
                    "device": "left_shoulder_pitch", 
                    "value": 0
                }, 
                {
                    "device": "left_thigh_yaw", 
                    "value": 0
                }, 
                {
                    "device": "left_shoulder_roll", 
                    "value": -278
                }, 
                {
                    "device": "left_elbow_roll", 
                    "value": 99
                }, 
                {
                    "device": "left_thigh_roll", 
                    "value": 114
                }, 
                {
                    "device": "left_thigh_pitch", 
                    "value": -177
                }, 
                {
                    "device": "left_knee_pitch", 
                    "value": 0
                }, 
                {
                    "device": "left_foot_pitch", 
                    "value": -120
                }, 
                {
                    "device": "left_foot_roll", 
                    "value": 101
                }, 
                {
                    "device": "right_shoulder_pitch", 
                    "value": 0
                }, 
                {
                    "device": "right_thigh_yaw", 
                    "value": 0
                }, 
                {
                    "device": "right_shoulder_roll", 
                    "value": 768
                }, 
                {
                    "device": "right_elbow_roll", 
                    "value": -317
                }, 
                {
                    "device": "right_thigh_roll", 
                    "value": 110
                }, 
                {
                    "device": "right_thigh_pitch", 
                    "value": 157
                }, 
                {
                    "device": "right_knee_pitch", 
                    "value": 0
                }, 
                {
                    "device": "right_foot_pitch", 
                    "value": 131
                }, 
                {
                    "device": "right_foot_roll", 
                    "value": 125
                }
            ], 
            "transition_time_ms": 580
        }, 
        {
            "@index": 19, 
            "outputs": [
                {
                    "device": "left_shoulder_pitch", 
                    "value": 0
                }, 
                {
                    "device": "left_thigh_yaw", 
                    "value": 0
                }, 
                {
                    "device": "left_shoulder_roll", 
                    "value": 0
                }, 
                {
                    "device": "left_elbow_roll", 
                    "value": 0
                }, 
                {
                    "device": "left_thigh_roll", 
                    "value": 0
                }, 
                {
                    "device": "left_thigh_pitch", 
                    "value": 0
                }, 
                {
                    "device": "left_knee_pitch", 
                    "value": 0
                }, 
                {
                    "device": "left_foot_pitch", 
                    "value": 0
                }, 
                {
                    "device": "left_foot_roll", 
                    "value": 0
                }, 
                {
                    "device": "right_shoulder_pitch", 
                    "value": 0
                }, 
                {
                    "device": "right_thigh_yaw", 
                    "value": 0
                }, 
                {
                    "device": "right_shoulder_roll", 
                    "value": 0
                }, 
                {
                    "device": "right_elbow_roll", 
                    "value": 0
                }, 
                {
                    "device": "right_thigh_roll", 
                    "value": 0
                }, 
                {
                    "device": "right_thigh_pitch", 
                    "value": 0
                }, 
                {
                    "device": "right_knee_pitch", 
                    "value": 0
                }, 
                {
                    "device": "right_foot_pitch", 
                    "value": 0
                }, 
                {
                    "device": "right_foot_roll", 
                    "value": 0
                }
            ], 
            "transition_time_ms": 600
        }
    ], 
    "name": "Wiggle Dance", 
    "slot": 35
}