{
    "@frame_length": 9, 
    "@metadata": {
        "author": "PLEN Project Company Inc.", 
        "required-firmware": "1.4.1~", 
        "target": "PLEN2"
    }, 
    "codes": [], 
    "frames": [
        {
            "@index": 0, 
            "outputs": [
                {
                    "device": "left_shoulder_pitch", 
                    "value": 0
                }, 
                {
                    "device": "left_thigh_yaw", 
                    "value": 0
                }, 
                {
                    "device": "left_shoulder_roll", 
                    "value": 0
                }, 
                {
                    "device": "left_elbow_roll", 
                    "value": 0
                }, 
                {
                    "device": "left_thigh_roll", 
                    "value": 0
                }, 
                {
                    "device": "left_thigh_pitch", 
                    "value": 0
                }, 
                {
                    "device": "left_knee_pitch", 
                    "value": 0
                }, 
                {
                    "device": "left_foot_pitch", 
                    "value": 0
                }, 
                {
                    "device": "left_foot_roll", 
                    "value": 0
                }, 
                {
                    "device": "right_shoulder_pitch", 
                    "value": 0
                }, 
                {
                    "device": "right_thigh_yaw", 
                    "value": 0
                }, 
                {
                    "device": "right_shoulder_roll", 
                    "value": 0
                }, 
                {
                    "device": "right_elbow_roll", 
                    "value": 0
                }, 
                {
                    "device": "right_thigh_roll", 
                    "value": 0
                }, 
                {
                    "device": "right_thigh_pitch", 
                    "value": 0
                }, 
                {
                    "device": "right_knee_pitch", 
                    "value": 0
                }, 
                {
                    "device": "right_foot_pitch", 
                    "value": 0
                }, 
                {
                    "device": "right_foot_roll", 
                    "value": 0
                }
            ], 
            "transition_time_ms": 100
        }, 
        {
            "@index": 1, 
            "outputs": [
                {
                    "device": "left_shoulder_pitch", 
                    "value": -443
                }, 
                {
                    "device": "left_thigh_yaw", 
                    "value": 150
                }, 
                {
                    "device": "left_shoulder_roll", 
                    "value": -100
                }, 
                {
                    "device": "left_elbow_roll", 
                    "value": -488
                }, 
                {
                    "device": "left_thigh_roll", 
                    "value": -220
                }, 
                {
                    "device": "left_thigh_pitch", 
                    "value": 409
                }, 
                {
                    "device": "left_knee_pitch", 
                    "value": -704
                }, 
                {
                    "device": "left_foot_pitch", 
                    "value": -212
                }, 
                {
                    "device": "left_foot_roll", 
                    "value": -190
                }, 
                {
                    "device": "right_shoulder_pitch", 
                    "value": 443
                }, 
                {
                    "device": "right_thigh_yaw", 
                    "value": -140
                }, 
                {
                    "device": "right_shoulder_roll", 
                    "value": 100
                }, 
                {
                    "device": "right_elbow_roll", 
                    "value": 488
                }, 
                {
                    "device": "right_thigh_roll", 
                    "value": -130
                }, 
                {
                    "device": "right_thigh_pitch", 
                    "value": -50
                }, 
                {
                    "device": "right_knee_pitch", 
                    "value": 308
                }, 
                {
                    "device": "right_foot_pitch", 
                    "value": 284
                }, 
                {
                    "device": "right_foot_roll", 
                    "value": -160
                }
            ], 
            "transition_time_ms": 880
        }, 
        {
            "@index": 2, 
            "outputs": [
                {
                    "device": "left_shoulder_pitch", 
                    "value": -443
                }, 
                {
                    "device": "left_thigh_yaw", 
                    "value": 140
                }, 
                {
                    "device": "left_shoulder_roll", 
                    "value": -326
                }, 
                {
                    "device": "left_elbow_roll", 
                    "value": -48
                }, 
                {
                    "device": "left_thigh_roll", 
                    "value": -205
                }, 
                {
                    "device": "left_thigh_pitch", 
                    "value": -181
                }, 
                {
                    "device": "left_knee_pitch", 
                    "value": 66
                }, 
                {
                    "device": "left_foot_pitch", 
                    "value": -31
                }, 
                {
                    "device": "left_foot_roll", 
                    "value": 79
                }, 
                {
                    "device": "right_shoulder_pitch", 
                    "value": 424
                }, 
                {
                    "device": "right_thigh_yaw", 
                    "value": -214
                }, 
                {
                    "device": "right_shoulder_roll", 
                    "value": 256
                }, 
                {
                    "device": "right_elbow_roll", 
                    "value": 125
                }, 
                {
                    "device": "right_thigh_roll", 
                    "value": -32
                }, 
                {
                    "device": "right_thigh_pitch", 
                    "value": -586
                }, 
                {
                    "device": "right_knee_pitch", 
                    "value": 353
                }, 
                {
                    "device": "right_foot_pitch", 
                    "value": 187
                }, 
                {
                    "device": "right_foot_roll", 
                    "value": -141
                }
            ], 
            "transition_time_ms": 740
        }, 
        {
            "@index": 3, 
            "outputs": [
                {
                    "device": "left_shoulder_pitch", 
                    "value": -443
                }, 
                {
                    "device": "left_thigh_yaw", 
                    "value": 140
                }, 
                {
                    "device": "left_shoulder_roll", 
                    "value": -274
                }, 
                {
                    "device": "left_elbow_roll", 
                    "value": -22
                }, 
                {
                    "device": "left_thigh_roll", 
                    "value": -205
                }, 
                {
                    "device": "left_thigh_pitch", 
                    "value": -181
                }, 
                {
                    "device": "left_knee_pitch", 
                    "value": 66
                }, 
                {
                    "device": "left_foot_pitch", 
                    "value": -31
                }, 
                {
                    "device": "left_foot_roll", 
                    "value": 79
                }, 
                {
                    "device": "right_shoulder_pitch", 
                    "value": 424
                }, 
                {
                    "device": "right_thigh_yaw", 
                    "value": -230
                }, 
                {
                    "device": "right_shoulder_roll", 
                    "value": 334
                }, 
                {
                    "device": "right_elbow_roll", 
                    "value": 73
                }, 
                {
                    "device": "right_thigh_roll", 
                    "value": 38
                }, 
                {
                    "device": "right_thigh_pitch", 
                    "value": -586
                }, 
                {
                    "device": "right_knee_pitch", 
                    "value": -66
                }, 
                {
                    "device": "right_foot_pitch", 
                    "value": -139
                }, 
                {
                    "device": "right_foot_roll", 
                    "value": -111
                }
            ], 
            "transition_time_ms": 560
        }, 
        {
            "@index": 4, 
            "outputs": [
                {
                    "device": "left_shoulder_pitch", 
                    "value": -3
                }, 
                {
                    "device": "left_thigh_yaw", 
                    "value": 140
                }, 
                {
                    "device": "left_shoulder_roll", 
                    "value": -821
                }, 
                {
                    "device": "left_elbow_roll", 
                    "value": -22
                }, 
                {
                    "device": "left_thigh_roll", 
                    "value": -205
                }, 
                {
                    "device": "left_thigh_pitch", 
                    "value": -181
                }, 
                {
                    "device": "left_knee_pitch", 
                    "value": 66
                }, 
                {
                    "device": "left_foot_pitch", 
                    "value": -31
                }, 
                {
                    "device": "left_foot_roll", 
                    "value": 79
                }, 
                {
                    "device": "right_shoulder_pitch", 
                    "value": 14
                }, 
                {
                    "device": "right_thigh_yaw", 
                    "value": -244
                }, 
                {
                    "device": "right_shoulder_roll", 
                    "value": 647
                }, 
                {
                    "device": "right_elbow_roll", 
                    "value": -58
                }, 
                {
                    "device": "right_thigh_roll", 
                    "value": -12
                }, 
                {
                    "device": "right_thigh_pitch", 
                    "value": -586
                }, 
                {
                    "device": "right_knee_pitch", 
                    "value": -67
                }, 
                {
                    "device": "right_foot_pitch", 
                    "value": -119
                }, 
                {
                    "device": "right_foot_roll", 
                    "value": -134
                }
            ], 
            "transition_time_ms": 640
        }, 
        {
            "@index": 5, 
            "outputs": [
                {
                    "device": "left_shoulder_pitch", 
                    "value": -3
                }, 
                {
                    "device": "left_thigh_yaw", 
                    "value": 140
                }, 
                {
                    "device": "left_shoulder_roll", 
                    "value": -795
                }, 
                {
                    "device": "left_elbow_roll", 
                    "value": -22
                }, 
                {
                    "device": "left_thigh_roll", 
                    "value": -205
                }, 
                {
                    "device": "left_thigh_pitch", 
                    "value": -181
                }, 
                {
                    "device": "left_knee_pitch", 
                    "value": 66
                }, 
                {
                    "device": "left_foot_pitch", 
                    "value": -31
                }, 
                {
                    "device": "left_foot_roll", 
                    "value": 79
                }, 
                {
                    "device": "right_shoulder_pitch", 
                    "value": 14
                }, 
                {
                    "device": "right_thigh_yaw", 
                    "value": -238
                }, 
                {
                    "device": "right_shoulder_roll", 
                    "value": 647
                }, 
                {
                    "device": "right_elbow_roll", 
                    "value": -58
                }, 
                {
                    "device": "right_thigh_roll", 
                    "value": -12
                }, 
                {
                    "device": "right_thigh_pitch", 
                    "value": -586
                }, 
                {
                    "device": "right_knee_pitch", 
                    "value": -66
                }, 
                {
                    "device": "right_foot_pitch", 
                    "value": -139
                }, 
                {
                    "device": "right_foot_roll", 
                    "value": -144
                }
            ], 
            "transition_time_ms": 860
        }, 
        {
            "@index": 6, 
            "outputs": [
                {
                    "device": "left_shoulder_pitch", 
                    "value": -443
                }, 
                {
                    "device": "left_thigh_yaw", 
                    "value": 140
                }, 
                {
                    "device": "left_shoulder_roll", 
                    "value": -300
                }, 
                {
                    "device": "left_elbow_roll", 
                    "value": -126
                }, 
                {
                    "device": "left_thigh_roll", 
                    "value": -205
                }, 
                {
                    "device": "left_thigh_pitch", 
                    "value": -181
                }, 
                {
                    "device": "left_knee_pitch", 
                    "value": 66
                }, 
                {
                    "device": "left_foot_pitch", 
                    "value": -31
                }, 
                {
                    "device": "left_foot_roll", 
                    "value": 79
                }, 
                {
                    "device": "right_shoulder_pitch", 
                    "value": 424
                }, 
                {
                    "device": "right_thigh_yaw", 
                    "value": -98
                }, 
                {
                    "device": "right_shoulder_roll", 
                    "value": 308
                }, 
                {
                    "device": "right_elbow_roll", 
                    "value": 99
                }, 
                {
                    "device": "right_thigh_roll", 
                    "value": -32
                }, 
                {
                    "device": "right_thigh_pitch", 
                    "value": -586
                }, 
                {
                    "device": "right_knee_pitch", 
                    "value": 604
                }, 
                {
                    "device": "right_foot_pitch", 
                    "value": 351
                }, 
                {
                    "device": "right_foot_roll", 
                    "value": -147
                }
            ], 
            "transition_time_ms": 640
        }, 
        {
            "@index": 7, 
            "outputs": [
                {
                    "device": "left_shoulder_pitch", 
                    "value": -443
                }, 
                {
                    "device": "left_thigh_yaw", 
                    "value": 150
                }, 
                {
                    "device": "left_shoulder_roll", 
                    "value": -100
                }, 
                {
                    "device": "left_elbow_roll", 
                    "value": -488
                }, 
                {
                    "device": "left_thigh_roll", 
                    "value": -220
                }, 
                {
                    "device": "left_thigh_pitch", 
                    "value": 409
                }, 
                {
                    "device": "left_knee_pitch", 
                    "value": -704
                }, 
                {
                    "device": "left_foot_pitch", 
                    "value": -212
                }, 
                {
                    "device": "left_foot_roll", 
                    "value": -190
                }, 
                {
                    "device": "right_shoulder_pitch", 
                    "value": 443
                }, 
                {
                    "device": "right_thigh_yaw", 
                    "value": -140
                }, 
                {
                    "device": "right_shoulder_roll", 
                    "value": 100
                }, 
                {
                    "device": "right_elbow_roll", 
                    "value": 488
                }, 
                {
                    "device": "right_thigh_roll", 
                    "value": -130
                }, 
                {
                    "device": "right_thigh_pitch", 
                    "value": -50
                }, 
                {
                    "device": "right_knee_pitch", 
                    "value": 308
                }, 
                {
                    "device": "right_foot_pitch", 
                    "value": 284
                }, 
                {
                    "device": "right_foot_roll", 
                    "value": -160
                }
            ], 
            "transition_time_ms": 760
        }, 
        {
            "@index": 8, 
            "outputs": [
                {
                    "device": "left_shoulder_pitch", 
                    "value": 0
                }, 
                {
                    "device": "left_thigh_yaw", 
                    "value": 0
                }, 
                {
                    "device": "left_shoulder_roll", 
                    "value": 0
                }, 
                {
                    "device": "left_elbow_roll", 
                    "value": 0
                }, 
                {
                    "device": "left_thigh_roll", 
                    "value": 0
                }, 
                {
                    "device": "left_thigh_pitch", 
                    "value": 0
                }, 
                {
                    "device": "left_knee_pitch", 
                    "value": 0
                }, 
                {
                    "device": "left_foot_pitch", 
                    "value": 0
                }, 
                {
                    "device": "left_foot_roll", 
                    "value": 0
                }, 
                {
                    "device": "right_shoulder_pitch", 
                    "value": 0
                }, 
                {
                    "device": "right_thigh_yaw", 
                    "value": 0
                }, 
                {
                    "device": "right_shoulder_roll", 
                    "value": 0
                }, 
                {
                    "device": "right_elbow_roll", 
                    "value": 0
                }, 
                {
                    "device": "right_thigh_roll", 
                    "value": 0
                }, 
                {
                    "device": "right_thigh_pitch", 
                    "value": 0
                }, 
                {
                    "device": "right_knee_pitch", 
                    "value": 0
                }, 
                {
                    "device": "right_foot_pitch", 
                    "value": 0
                }, 
                {
                    "device": "right_foot_roll", 
                    "value": 0
                }
            ], 
            "transition_time_ms": 760
        }
    ], 
    "name": "Balance on LFoot", 
    "slot": 43
}