{
    "@frame_length": 10, 
    "@metadata": {
        "author": "PLEN Project Company Inc.", 
        "required-firmware": "1.4.1~", 
        "target": "PLEN2"
    }, 
    "codes": [
        {
            "arguments": [
                2, 
                7, 
                255
            ], 
            "method": "loop"
        }
    ], 
    "frames": [
        {
            "@index": 0, 
            "outputs": [
                {
                    "device": "left_shoulder_pitch", 
                    "value": 621
                }, 
                {
                    "device": "left_thigh_yaw", 
                    "value": 0
                }, 
                {
                    "device": "left_shoulder_roll", 
                    "value": 16
                }, 
                {
                    "device": "left_elbow_roll", 
                    "value": -329
                }, 
                {
                    "device": "left_thigh_roll", 
                    "value": 0
                }, 
                {
                    "device": "left_thigh_pitch", 
                    "value": 0
                }, 
                {
                    "device": "left_knee_pitch", 
                    "value": 0
                }, 
                {
                    "device": "left_foot_pitch", 
                    "value": 0
                }, 
                {
                    "device": "left_foot_roll", 
                    "value": 0
                }, 
                {
                    "device": "right_shoulder_pitch", 
                    "value": -621
                }, 
                {
                    "device": "right_thigh_yaw", 
                    "value": 0
                }, 
                {
                    "device": "right_shoulder_roll", 
                    "value": -16
                }, 
                {
                    "device": "right_elbow_roll", 
                    "value": 329
                }, 
                {
                    "device": "right_thigh_roll", 
                    "value": 0
                }, 
                {
                    "device": "right_thigh_pitch", 
                    "value": 0
                }, 
                {
                    "device": "right_knee_pitch", 
                    "value": 0
                }, 
                {
                    "device": "right_foot_pitch", 
                    "value": 0
                }, 
                {
                    "device": "right_foot_roll", 
                    "value": 0
                }
            ], 
            "transition_time_ms": 700
        }, 
        {
            "@index": 1, 
            "outputs": [
                {
                    "device": "left_shoulder_pitch", 
                    "value": 621
                }, 
                {
                    "device": "left_thigh_yaw", 
                    "value": 0
                }, 
                {
                    "device": "left_shoulder_roll", 
                    "value": 16
                }, 
                {
                    "device": "left_elbow_roll", 
                    "value": -329
                }, 
                {
                    "device": "left_thigh_roll", 
                    "value": 140
                }, 
                {
                    "device": "left_thigh_pitch", 
                    "value": 0
                }, 
                {
                    "device": "left_knee_pitch", 
                    "value": 0
                }, 
                {
                    "device": "left_foot_pitch", 
                    "value": 0
                }, 
                {
                    "device": "left_foot_roll", 
                    "value": 140
                }, 
                {
                    "device": "right_shoulder_pitch", 
                    "value": -621
                }, 
                {
                    "device": "right_thigh_yaw", 
                    "value": 0
                }, 
                {
                    "device": "right_shoulder_roll", 
                    "value": -16
                }, 
                {
                    "device": "right_elbow_roll", 
                    "value": 329
                }, 
                {
                    "device": "right_thigh_roll", 
                    "value": 140
                }, 
                {
                    "device": "right_thigh_pitch", 
                    "value": 0
                }, 
                {
                    "device": "right_knee_pitch", 
                    "value": 0
                }, 
                {
                    "device": "right_foot_pitch", 
                    "value": 0
                }, 
                {
                    "device": "right_foot_roll", 
                    "value": 140
                }
            ], 
            "transition_time_ms": 160
        }, 
        {
            "@index": 2, 
            "outputs": [
                {
                    "device": "left_shoulder_pitch", 
                    "value": 621
                }, 
                {
                    "device": "left_thigh_yaw", 
                    "value": 0
                }, 
                {
                    "device": "left_shoulder_roll", 
                    "value": 16
                }, 
                {
                    "device": "left_elbow_roll", 
                    "value": -329
                }, 
                {
                    "device": "left_thigh_roll", 
                    "value": 120
                }, 
                {
                    "device": "left_thigh_pitch", 
                    "value": 0
                }, 
                {
                    "device": "left_knee_pitch", 
                    "value": 0
                }, 
                {
                    "device": "left_foot_pitch", 
                    "value": 0
                }, 
                {
                    "device": "left_foot_roll", 
                    "value": 140
                }, 
                {
                    "device": "right_shoulder_pitch", 
                    "value": -621
                }, 
                {
                    "device": "right_thigh_yaw", 
                    "value": 0
                }, 
                {
                    "device": "right_shoulder_roll", 
                    "value": -16
                }, 
                {
                    "device": "right_elbow_roll", 
                    "value": 329
                }, 
                {
                    "device": "right_thigh_roll", 
                    "value": 150
                }, 
                {
                    "device": "right_thigh_pitch", 
                    "value": -268
                }, 
                {
                    "device": "right_knee_pitch", 
                    "value": 605
                }, 
                {
                    "device": "right_foot_pitch", 
                    "value": 294
                }, 
                {
                    "device": "right_foot_roll", 
                    "value": 140
                }
            ], 
            "transition_time_ms": 360
        }, 
        {
            "@index": 3, 
            "outputs": [
                {
                    "device": "left_shoulder_pitch", 
                    "value": 621
                }, 
                {
                    "device": "left_thigh_yaw", 
                    "value": 0
                }, 
                {
                    "device": "left_shoulder_roll", 
                    "value": 16
                }, 
                {
                    "device": "left_elbow_roll", 
                    "value": -329
                }, 
                {
                    "device": "left_thigh_roll", 
                    "value": 140
                }, 
                {
                    "device": "left_thigh_pitch", 
                    "value": 160
                }, 
                {
                    "device": "left_knee_pitch", 
                    "value": -99
                }, 
                {
                    "device": "left_foot_pitch", 
                    "value": -2
                }, 
                {
                    "device": "left_foot_roll", 
                    "value": 140
                }, 
                {
                    "device": "right_shoulder_pitch", 
                    "value": -621
                }, 
                {
                    "device": "right_thigh_yaw", 
                    "value": 0
                }, 
                {
                    "device": "right_shoulder_roll", 
                    "value": -16
                }, 
                {
                    "device": "right_elbow_roll", 
                    "value": 329
                }, 
                {
                    "device": "right_thigh_roll", 
                    "value": 140
                }, 
                {
                    "device": "right_thigh_pitch", 
                    "value": -15
                }, 
                {
                    "device": "right_knee_pitch", 
                    "value": 165
                }, 
                {
                    "device": "right_foot_pitch", 
                    "value": 188
                }, 
                {
                    "device": "right_foot_roll", 
                    "value": 140
                }
            ], 
            "transition_time_ms": 360
        }, 
        {
            "@index": 4, 
            "outputs": [
                {
                    "device": "left_shoulder_pitch", 
                    "value": 621
                }, 
                {
                    "device": "left_thigh_yaw", 
                    "value": 0
                }, 
                {
                    "device": "left_shoulder_roll", 
                    "value": 16
                }, 
                {
                    "device": "left_elbow_roll", 
                    "value": -329
                }, 
                {
                    "device": "left_thigh_roll", 
                    "value": -151
                }, 
                {
                    "device": "left_thigh_pitch", 
                    "value": 385
                }, 
                {
                    "device": "left_knee_pitch", 
                    "value": -402
                }, 
                {
                    "device": "left_foot_pitch", 
                    "value": -27
                }, 
                {
                    "device": "left_foot_roll", 
                    "value": -156
                }, 
                {
                    "device": "right_shoulder_pitch", 
                    "value": -621
                }, 
                {
                    "device": "right_thigh_yaw", 
                    "value": 0
                }, 
                {
                    "device": "right_shoulder_roll", 
                    "value": -16
                }, 
                {
                    "device": "right_elbow_roll", 
                    "value": 329
                }, 
                {
                    "device": "right_thigh_roll", 
                    "value": -140
                }, 
                {
                    "device": "right_thigh_pitch", 
                    "value": 0
                }, 
                {
                    "device": "right_knee_pitch", 
                    "value": 0
                }, 
                {
                    "device": "right_foot_pitch", 
                    "value": 0
                }, 
                {
                    "device": "right_foot_roll", 
                    "value": -105
                }
            ], 
            "transition_time_ms": 360
        }, 
        {
            "@index": 5, 
            "outputs": [
                {
                    "device": "left_shoulder_pitch", 
                    "value": 621
                }, 
                {
                    "device": "left_thigh_yaw", 
                    "value": 0
                }, 
                {
                    "device": "left_shoulder_roll", 
                    "value": 16
                }, 
                {
                    "device": "left_elbow_roll", 
                    "value": -329
                }, 
                {
                    "device": "left_thigh_roll", 
                    "value": -158
                }, 
                {
                    "device": "left_thigh_pitch", 
                    "value": 268
                }, 
                {
                    "device": "left_knee_pitch", 
                    "value": -605
                }, 
                {
                    "device": "left_foot_pitch", 
                    "value": -294
                }, 
                {
                    "device": "left_foot_roll", 
                    "value": -140
                }, 
                {
                    "device": "right_shoulder_pitch", 
                    "value": -621
                }, 
                {
                    "device": "right_thigh_yaw", 
                    "value": 0
                }, 
                {
                    "device": "right_shoulder_roll", 
                    "value": -16
                }, 
                {
                    "device": "right_elbow_roll", 
                    "value": 329
                }, 
                {
                    "device": "right_thigh_roll", 
                    "value": -140
                }, 
                {
                    "device": "right_thigh_pitch", 
                    "value": 0
                }, 
                {
                    "device": "right_knee_pitch", 
                    "value": 0
                }, 
                {
                    "device": "right_foot_pitch", 
                    "value": 0
                }, 
                {
                    "device": "right_foot_roll", 
                    "value": -140
                }
            ], 
            "transition_time_ms": 180
        }, 
        {
            "@index": 6, 
            "outputs": [
                {
                    "device": "left_shoulder_pitch", 
                    "value": 621
                }, 
                {
                    "device": "left_thigh_yaw", 
                    "value": 0
                }, 
                {
                    "device": "left_shoulder_roll", 
                    "value": 16
                }, 
                {
                    "device": "left_elbow_roll", 
                    "value": -329
                }, 
                {
                    "device": "left_thigh_roll", 
                    "value": -140
                }, 
                {
                    "device": "left_thigh_pitch", 
                    "value": 15
                }, 
                {
                    "device": "left_knee_pitch", 
                    "value": -165
                }, 
                {
                    "device": "left_foot_pitch", 
                    "value": -188
                }, 
                {
                    "device": "left_foot_roll", 
                    "value": -140
                }, 
                {
                    "device": "right_shoulder_pitch", 
                    "value": -621
                }, 
                {
                    "device": "right_thigh_yaw", 
                    "value": 0
                }, 
                {
                    "device": "right_shoulder_roll", 
                    "value": -16
                }, 
                {
                    "device": "right_elbow_roll", 
                    "value": 329
                }, 
                {
                    "device": "right_thigh_roll", 
                    "value": -140
                }, 
                {
                    "device": "right_thigh_pitch", 
                    "value": -160
                }, 
                {
                    "device": "right_knee_pitch", 
                    "value": 99
                }, 
                {
                    "device": "right_foot_pitch", 
                    "value": 2
                }, 
                {
                    "device": "right_foot_roll", 
                    "value": -140
                }
            ], 
            "transition_time_ms": 360
        }, 
        {
            "@index": 7, 
            "outputs": [
                {
                    "device": "left_shoulder_pitch", 
                    "value": 621
                }, 
                {
                    "device": "left_thigh_yaw", 
                    "value": 0
                }, 
                {
                    "device": "left_shoulder_roll", 
                    "value": 16
                }, 
                {
                    "device": "left_elbow_roll", 
                    "value": -329
                }, 
                {
                    "device": "left_thigh_roll", 
                    "value": 140
                }, 
                {
                    "device": "left_thigh_pitch", 
                    "value": 0
                }, 
                {
                    "device": "left_knee_pitch", 
                    "value": 0
                }, 
                {
                    "device": "left_foot_pitch", 
                    "value": 0
                }, 
                {
                    "device": "left_foot_roll", 
                    "value": 105
                }, 
                {
                    "device": "right_shoulder_pitch", 
                    "value": -621
                }, 
                {
                    "device": "right_thigh_yaw", 
                    "value": 0
                }, 
                {
                    "device": "right_shoulder_roll", 
                    "value": -16
                }, 
                {
                    "device": "right_elbow_roll", 
                    "value": 329
                }, 
                {
                    "device": "right_thigh_roll", 
                    "value": 151
                }, 
                {
                    "device": "right_thigh_pitch", 
                    "value": -385
                }, 
                {
                    "device": "right_knee_pitch", 
                    "value": 402
                }, 
                {
                    "device": "right_foot_pitch", 
                    "value": 27
                }, 
                {
                    "device": "right_foot_roll", 
                    "value": 156
                }
            ], 
            "transition_time_ms": 360
        }, 
        {
            "@index": 8, 
            "outputs": [
                {
                    "device": "left_shoulder_pitch", 
                    "value": 621
                }, 
                {
                    "device": "left_thigh_yaw", 
                    "value": 0
                }, 
                {
                    "device": "left_shoulder_roll", 
                    "value": 16
                }, 
                {
                    "device": "left_elbow_roll", 
                    "value": -329
                }, 
                {
                    "device": "left_thigh_roll", 
                    "value": 120
                }, 
                {
                    "device": "left_thigh_pitch", 
                    "value": 0
                }, 
                {
                    "device": "left_knee_pitch", 
                    "value": 0
                }, 
                {
                    "device": "left_foot_pitch", 
                    "value": 0
                }, 
                {
                    "device": "left_foot_roll", 
                    "value": 140
                }, 
                {
                    "device": "right_shoulder_pitch", 
                    "value": -621
                }, 
                {
                    "device": "right_thigh_yaw", 
                    "value": 0
                }, 
                {
                    "device": "right_shoulder_roll", 
                    "value": -16
                }, 
                {
                    "device": "right_elbow_roll", 
                    "value": 329
                }, 
                {
                    "device": "right_thigh_roll", 
                    "value": 150
                }, 
                {
                    "device": "right_thigh_pitch", 
                    "value": -268
                }, 
                {
                    "device": "right_knee_pitch", 
                    "value": 605
                }, 
                {
                    "device": "right_foot_pitch", 
                    "value": 294
                }, 
                {
                    "device": "right_foot_roll", 
                    "value": 140
                }
            ], 
            "transition_time_ms": 180
        }, 
        {
            "@index": 9, 
            "outputs": [
                {
                    "device": "left_shoulder_pitch", 
                    "value": 621
                }, 
                {
                    "device": "left_thigh_yaw", 
                    "value": 0
                }, 
                {
                    "device": "left_shoulder_roll", 
                    "value": 16
                }, 
                {
                    "device": "left_elbow_roll", 
                    "value": -329
                }, 
                {
                    "device": "left_thigh_roll", 
                    "value": 0
                }, 
                {
                    "device": "left_thigh_pitch", 
                    "value": 0
                }, 
                {
                    "device": "left_knee_pitch", 
                    "value": 0
                }, 
                {
                    "device": "left_foot_pitch", 
                    "value": 0
                }, 
                {
                    "device": "left_foot_roll", 
                    "value": 0
                }, 
                {
                    "device": "right_shoulder_pitch", 
                    "value": -621
                }, 
                {
                    "device": "right_thigh_yaw", 
                    "value": 0
                }, 
                {
                    "device": "right_shoulder_roll", 
                    "value": -16
                }, 
                {
                    "device": "right_elbow_roll", 
                    "value": 329
                }, 
                {
                    "device": "right_thigh_roll", 
                    "value": 0
                }, 
                {
                    "device": "right_thigh_pitch", 
                    "value": 0
                }, 
                {
                    "device": "right_knee_pitch", 
                    "value": 0
                }, 
                {
                    "device": "right_foot_pitch", 
                    "value": 0
                }, 
                {
                    "device": "right_foot_roll", 
                    "value": 0
                }
            ], 
            "transition_time_ms": 580
        }
    ], 
    "name": "Carry Back", 
    "slot": 77
}