{
    "@frame_length": 12, 
    "@metadata": {
        "author": "PLEN Project Company Inc.", 
        "required-firmware": "1.4.1~", 
        "target": "PLEN2"
    }, 
    "codes": [], 
    "frames": [
        {
            "@index": 0, 
            "outputs": [
                {
                    "device": "left_shoulder_pitch", 
                    "value": 0
                }, 
                {
                    "device": "left_thigh_yaw", 
                    "value": 0
                }, 
                {
                    "device": "left_shoulder_roll", 
                    "value": 0
                }, 
                {
                    "device": "left_elbow_roll", 
                    "value": 0
                }, 
                {
                    "device": "left_thigh_roll", 
                    "value": 0
                }, 
                {
                    "device": "left_thigh_pitch", 
                    "value": 0
                }, 
                {
                    "device": "left_knee_pitch", 
                    "value": 0
                }, 
                {
                    "device": "left_foot_pitch", 
                    "value": 0
                }, 
                {
                    "device": "left_foot_roll", 
                    "value": 0
                }, 
                {
                    "device": "right_shoulder_pitch", 
                    "value": 0
                }, 
                {
                    "device": "right_thigh_yaw", 
                    "value": 0
                }, 
                {
                    "device": "right_shoulder_roll", 
                    "value": 0
                }, 
                {
                    "device": "right_elbow_roll", 
                    "value": 0
                }, 
                {
                    "device": "right_thigh_roll", 
                    "value": 0
                }, 
                {
                    "device": "right_thigh_pitch", 
                    "value": 0
                }, 
                {
                    "device": "right_knee_pitch", 
                    "value": 0
                }, 
                {
                    "device": "right_foot_pitch", 
                    "value": 0
                }, 
                {
                    "device": "right_foot_roll", 
                    "value": 0
                }
            ], 
            "transition_time_ms": 1000
        }, 
        {
            "@index": 1, 
            "outputs": [
                {
                    "device": "left_shoulder_pitch", 
                    "value": 0
                }, 
                {
                    "device": "left_thigh_yaw", 
                    "value": 0
                }, 
                {
                    "device": "left_shoulder_roll", 
                    "value": 0
                }, 
                {
                    "device": "left_elbow_roll", 
                    "value": 0
                }, 
                {
                    "device": "left_thigh_roll", 
                    "value": 0
                }, 
                {
                    "device": "left_thigh_pitch", 
                    "value": 119
                }, 
                {
                    "device": "left_knee_pitch", 
                    "value": -517
                }, 
                {
                    "device": "left_foot_pitch", 
                    "value": -585
                }, 
                {
                    "device": "left_foot_roll", 
                    "value": 0
                }, 
                {
                    "device": "right_shoulder_pitch", 
                    "value": 0
                }, 
                {
                    "device": "right_thigh_yaw", 
                    "value": 0
                }, 
                {
                    "device": "right_shoulder_roll", 
                    "value": 0
                }, 
                {
                    "device": "right_elbow_roll", 
                    "value": 0
                }, 
                {
                    "device": "right_thigh_roll", 
                    "value": 0
                }, 
                {
                    "device": "right_thigh_pitch", 
                    "value": -209
                }, 
                {
                    "device": "right_knee_pitch", 
                    "value": 640
                }, 
                {
                    "device": "right_foot_pitch", 
                    "value": 664
                }, 
                {
                    "device": "right_foot_roll", 
                    "value": 0
                }
            ], 
            "transition_time_ms": 220
        }, 
        {
            "@index": 2, 
            "outputs": [
                {
                    "device": "left_shoulder_pitch", 
                    "value": 0
                }, 
                {
                    "device": "left_thigh_yaw", 
                    "value": 0
                }, 
                {
                    "device": "left_shoulder_roll", 
                    "value": 0
                }, 
                {
                    "device": "left_elbow_roll", 
                    "value": 0
                }, 
                {
                    "device": "left_thigh_roll", 
                    "value": 0
                }, 
                {
                    "device": "left_thigh_pitch", 
                    "value": -94
                }, 
                {
                    "device": "left_knee_pitch", 
                    "value": 86
                }, 
                {
                    "device": "left_foot_pitch", 
                    "value": -619
                }, 
                {
                    "device": "left_foot_roll", 
                    "value": 0
                }, 
                {
                    "device": "right_shoulder_pitch", 
                    "value": 0
                }, 
                {
                    "device": "right_thigh_yaw", 
                    "value": 0
                }, 
                {
                    "device": "right_shoulder_roll", 
                    "value": 0
                }, 
                {
                    "device": "right_elbow_roll", 
                    "value": 0
                }, 
                {
                    "device": "right_thigh_roll", 
                    "value": 0
                }, 
                {
                    "device": "right_thigh_pitch", 
                    "value": 35
                }, 
                {
                    "device": "right_knee_pitch", 
                    "value": 29
                }, 
                {
                    "device": "right_foot_pitch", 
                    "value": 669
                }, 
                {
                    "device": "right_foot_roll", 
                    "value": 0
                }
            ], 
            "transition_time_ms": 320
        }, 
        {
            "@index": 3, 
            "outputs": [
                {
                    "device": "left_shoulder_pitch", 
                    "value": 72
                }, 
                {
                    "device": "left_thigh_yaw", 
                    "value": 0
                }, 
                {
                    "device": "left_shoulder_roll", 
                    "value": -631
                }, 
                {
                    "device": "left_elbow_roll", 
                    "value": -130
                }, 
                {
                    "device": "left_thigh_roll", 
                    "value": 0
                }, 
                {
                    "device": "left_thigh_pitch", 
                    "value": 212
                }, 
                {
                    "device": "left_knee_pitch", 
                    "value": 86
                }, 
                {
                    "device": "left_foot_pitch", 
                    "value": -619
                }, 
                {
                    "device": "left_foot_roll", 
                    "value": 0
                }, 
                {
                    "device": "right_shoulder_pitch", 
                    "value": -62
                }, 
                {
                    "device": "right_thigh_yaw", 
                    "value": 0
                }, 
                {
                    "device": "right_shoulder_roll", 
                    "value": 533
                }, 
                {
                    "device": "right_elbow_roll", 
                    "value": 44
                }, 
                {
                    "device": "right_thigh_roll", 
                    "value": 0
                }, 
                {
                    "device": "right_thigh_pitch", 
                    "value": -269
                }, 
                {
                    "device": "right_knee_pitch", 
                    "value": 29
                }, 
                {
                    "device": "right_foot_pitch", 
                    "value": 669
                }, 
                {
                    "device": "right_foot_roll", 
                    "value": 0
                }
            ], 
            "transition_time_ms": 540
        }, 
        {
            "@index": 4, 
            "outputs": [
                {
                    "device": "left_shoulder_pitch", 
                    "value": 699
                }, 
                {
                    "device": "left_thigh_yaw", 
                    "value": 0
                }, 
                {
                    "device": "left_shoulder_roll", 
                    "value": -1011
                }, 
                {
                    "device": "left_elbow_roll", 
                    "value": -566
                }, 
                {
                    "device": "left_thigh_roll", 
                    "value": 0
                }, 
                {
                    "device": "left_thigh_pitch", 
                    "value": 119
                }, 
                {
                    "device": "left_knee_pitch", 
                    "value": 86
                }, 
                {
                    "device": "left_foot_pitch", 
                    "value": -619
                }, 
                {
                    "device": "left_foot_roll", 
                    "value": 0
                }, 
                {
                    "device": "right_shoulder_pitch", 
                    "value": -759
                }, 
                {
                    "device": "right_thigh_yaw", 
                    "value": 0
                }, 
                {
                    "device": "right_shoulder_roll", 
                    "value": 1043
                }, 
                {
                    "device": "right_elbow_roll", 
                    "value": 477
                }, 
                {
                    "device": "right_thigh_roll", 
                    "value": 0
                }, 
                {
                    "device": "right_thigh_pitch", 
                    "value": -209
                }, 
                {
                    "device": "right_knee_pitch", 
                    "value": 29
                }, 
                {
                    "device": "right_foot_pitch", 
                    "value": 669
                }, 
                {
                    "device": "right_foot_roll", 
                    "value": 0
                }
            ], 
            "transition_time_ms": 520
        }, 
        {
            "@index": 5, 
            "outputs": [
                {
                    "device": "left_shoulder_pitch", 
                    "value": 652
                }, 
                {
                    "device": "left_thigh_yaw", 
                    "value": 0
                }, 
                {
                    "device": "left_shoulder_roll", 
                    "value": 39
                }, 
                {
                    "device": "left_elbow_roll", 
                    "value": -5
                }, 
                {
                    "device": "left_thigh_roll", 
                    "value": 0
                }, 
                {
                    "device": "left_thigh_pitch", 
                    "value": 667
                }, 
                {
                    "device": "left_knee_pitch", 
                    "value": -677
                }, 
                {
                    "device": "left_foot_pitch", 
                    "value": -619
                }, 
                {
                    "device": "left_foot_roll", 
                    "value": 0
                }, 
                {
                    "device": "right_shoulder_pitch", 
                    "value": -714
                }, 
                {
                    "device": "right_thigh_yaw", 
                    "value": 0
                }, 
                {
                    "device": "right_shoulder_roll", 
                    "value": -64
                }, 
                {
                    "device": "right_elbow_roll", 
                    "value": 69
                }, 
                {
                    "device": "right_thigh_roll", 
                    "value": 0
                }, 
                {
                    "device": "right_thigh_pitch", 
                    "value": -698
                }, 
                {
                    "device": "right_knee_pitch", 
                    "value": 692
                }, 
                {
                    "device": "right_foot_pitch", 
                    "value": 591
                }, 
                {
                    "device": "right_foot_roll", 
                    "value": 0
                }
            ], 
            "transition_time_ms": 800
        }, 
        {
            "@index": 6, 
            "outputs": [
                {
                    "device": "left_shoulder_pitch", 
                    "value": 652
                }, 
                {
                    "device": "left_thigh_yaw", 
                    "value": -201
                }, 
                {
                    "device": "left_shoulder_roll", 
                    "value": 39
                }, 
                {
                    "device": "left_elbow_roll", 
                    "value": -30
                }, 
                {
                    "device": "left_thigh_roll", 
                    "value": 0
                }, 
                {
                    "device": "left_thigh_pitch", 
                    "value": 828
                }, 
                {
                    "device": "left_knee_pitch", 
                    "value": -254
                }, 
                {
                    "device": "left_foot_pitch", 
                    "value": -323
                }, 
                {
                    "device": "left_foot_roll", 
                    "value": 149
                }, 
                {
                    "device": "right_shoulder_pitch", 
                    "value": -714
                }, 
                {
                    "device": "right_thigh_yaw", 
                    "value": -193
                }, 
                {
                    "device": "right_shoulder_roll", 
                    "value": -64
                }, 
                {
                    "device": "right_elbow_roll", 
                    "value": 69
                }, 
                {
                    "device": "right_thigh_roll", 
                    "value": 0
                }, 
                {
                    "device": "right_thigh_pitch", 
                    "value": -699
                }, 
                {
                    "device": "right_knee_pitch", 
                    "value": 692
                }, 
                {
                    "device": "right_foot_pitch", 
                    "value": 591
                }, 
                {
                    "device": "right_foot_roll", 
                    "value": 180
                }
            ], 
            "transition_time_ms": 360
        }, 
        {
            "@index": 7, 
            "outputs": [
                {
                    "device": "left_shoulder_pitch", 
                    "value": 649
                }, 
                {
                    "device": "left_thigh_yaw", 
                    "value": -273
                }, 
                {
                    "device": "left_shoulder_roll", 
                    "value": 39
                }, 
                {
                    "device": "left_elbow_roll", 
                    "value": -30
                }, 
                {
                    "device": "left_thigh_roll", 
                    "value": 0
                }, 
                {
                    "device": "left_thigh_pitch", 
                    "value": 793
                }, 
                {
                    "device": "left_knee_pitch", 
                    "value": -37
                }, 
                {
                    "device": "left_foot_pitch", 
                    "value": -25
                }, 
                {
                    "device": "left_foot_roll", 
                    "value": 302
                }, 
                {
                    "device": "right_shoulder_pitch", 
                    "value": -699
                }, 
                {
                    "device": "right_thigh_yaw", 
                    "value": -311
                }, 
                {
                    "device": "right_shoulder_roll", 
                    "value": -64
                }, 
                {
                    "device": "right_elbow_roll", 
                    "value": 44
                }, 
                {
                    "device": "right_thigh_roll", 
                    "value": 0
                }, 
                {
                    "device": "right_thigh_pitch", 
                    "value": -820
                }, 
                {
                    "device": "right_knee_pitch", 
                    "value": 607
                }, 
                {
                    "device": "right_foot_pitch", 
                    "value": 518
                }, 
                {
                    "device": "right_foot_roll", 
                    "value": 307
                }
            ], 
            "transition_time_ms": 320
        }, 
        {
            "@index": 8, 
            "outputs": [
                {
                    "device": "left_shoulder_pitch", 
                    "value": 699
                }, 
                {
                    "device": "left_thigh_yaw", 
                    "value": -273
                }, 
                {
                    "device": "left_shoulder_roll", 
                    "value": 64
                }, 
                {
                    "device": "left_elbow_roll", 
                    "value": -5
                }, 
                {
                    "device": "left_thigh_roll", 
                    "value": 0
                }, 
                {
                    "device": "left_thigh_pitch", 
                    "value": 793
                }, 
                {
                    "device": "left_knee_pitch", 
                    "value": 33
                }, 
                {
                    "device": "left_foot_pitch", 
                    "value": 172
                }, 
                {
                    "device": "left_foot_roll", 
                    "value": 272
                }, 
                {
                    "device": "right_shoulder_pitch", 
                    "value": -699
                }, 
                {
                    "device": "right_thigh_yaw", 
                    "value": -191
                }, 
                {
                    "device": "right_shoulder_roll", 
                    "value": -64
                }, 
                {
                    "device": "right_elbow_roll", 
                    "value": -6
                }, 
                {
                    "device": "right_thigh_roll", 
                    "value": 128
                }, 
                {
                    "device": "right_thigh_pitch", 
                    "value": 134
                }, 
                {
                    "device": "right_knee_pitch", 
                    "value": -48
                }, 
                {
                    "device": "right_foot_pitch", 
                    "value": -348
                }, 
                {
                    "device": "right_foot_roll", 
                    "value": -5
                }
            ], 
            "transition_time_ms": 540
        }, 
        {
            "@index": 9, 
            "outputs": [
                {
                    "device": "left_shoulder_pitch", 
                    "value": 602
                }, 
                {
                    "device": "left_thigh_yaw", 
                    "value": -70
                }, 
                {
                    "device": "left_shoulder_roll", 
                    "value": 14
                }, 
                {
                    "device": "left_elbow_roll", 
                    "value": -5
                }, 
                {
                    "device": "left_thigh_roll", 
                    "value": 0
                }, 
                {
                    "device": "left_thigh_pitch", 
                    "value": 793
                }, 
                {
                    "device": "left_knee_pitch", 
                    "value": -109
                }, 
                {
                    "device": "left_foot_pitch", 
                    "value": 252
                }, 
                {
                    "device": "left_foot_roll", 
                    "value": 154
                }, 
                {
                    "device": "right_shoulder_pitch", 
                    "value": -651
                }, 
                {
                    "device": "right_thigh_yaw", 
                    "value": 0
                }, 
                {
                    "device": "right_shoulder_roll", 
                    "value": -64
                }, 
                {
                    "device": "right_elbow_roll", 
                    "value": 44
                }, 
                {
                    "device": "right_thigh_roll", 
                    "value": 0
                }, 
                {
                    "device": "right_thigh_pitch", 
                    "value": 419
                }, 
                {
                    "device": "right_knee_pitch", 
                    "value": -48
                }, 
                {
                    "device": "right_foot_pitch", 
                    "value": -37
                }, 
                {
                    "device": "right_foot_roll", 
                    "value": -49
                }
            ], 
            "transition_time_ms": 460
        }, 
        {
            "@index": 10, 
            "outputs": [
                {
                    "device": "left_shoulder_pitch", 
                    "value": 402
                }, 
                {
                    "device": "left_thigh_yaw", 
                    "value": 0
                }, 
                {
                    "device": "left_shoulder_roll", 
                    "value": -61
                }, 
                {
                    "device": "left_elbow_roll", 
                    "value": -30
                }, 
                {
                    "device": "left_thigh_roll", 
                    "value": 0
                }, 
                {
                    "device": "left_thigh_pitch", 
                    "value": 485
                }, 
                {
                    "device": "left_knee_pitch", 
                    "value": -147
                }, 
                {
                    "device": "left_foot_pitch", 
                    "value": 110
                }, 
                {
                    "device": "left_foot_roll", 
                    "value": 134
                }, 
                {
                    "device": "right_shoulder_pitch", 
                    "value": -376
                }, 
                {
                    "device": "right_thigh_yaw", 
                    "value": 0
                }, 
                {
                    "device": "right_shoulder_roll", 
                    "value": 86
                }, 
                {
                    "device": "right_elbow_roll", 
                    "value": 69
                }, 
                {
                    "device": "right_thigh_roll", 
                    "value": 76
                }, 
                {
                    "device": "right_thigh_pitch", 
                    "value": -563
                }, 
                {
                    "device": "right_knee_pitch", 
                    "value": 769
                }, 
                {
                    "device": "right_foot_pitch", 
                    "value": 283
                }, 
                {
                    "device": "right_foot_roll", 
                    "value": 311
                }
            ], 
            "transition_time_ms": 520
        }, 
        {
            "@index": 11, 
            "outputs": [
                {
                    "device": "left_shoulder_pitch", 
                    "value": 0
                }, 
                {
                    "device": "left_thigh_yaw", 
                    "value": 0
                }, 
                {
                    "device": "left_shoulder_roll", 
                    "value": 0
                }, 
                {
                    "device": "left_elbow_roll", 
                    "value": 0
                }, 
                {
                    "device": "left_thigh_roll", 
                    "value": 0
                }, 
                {
                    "device": "left_thigh_pitch", 
                    "value": 0
                }, 
                {
                    "device": "left_knee_pitch", 
                    "value": 0
                }, 
                {
                    "device": "left_foot_pitch", 
                    "value": 0
                }, 
                {
                    "device": "left_foot_roll", 
                    "value": 0
                }, 
                {
                    "device": "right_shoulder_pitch", 
                    "value": 0
                }, 
                {
                    "device": "right_thigh_yaw", 
                    "value": 0
                }, 
                {
                    "device": "right_shoulder_roll", 
                    "value": 0
                }, 
                {
                    "device": "right_elbow_roll", 
                    "value": 0
                }, 
                {
                    "device": "right_thigh_roll", 
                    "value": 0
                }, 
                {
                    "device": "right_thigh_pitch", 
                    "value": 0
                }, 
                {
                    "device": "right_knee_pitch", 
                    "value": 0
                }, 
                {
                    "device": "right_foot_pitch", 
                    "value": 0
                }, 
                {
                    "device": "right_foot_roll", 
                    "value": 0
                }
            ], 
            "transition_time_ms": 620
        }
    ], 
    "name": "Get Up (Face Down)", 
    "slot": 89
}